INSERT INTO Z13.MUSCLES (MUSCLE_ID, MUSCLE_NAME) VALUES (1, '''trapezius''');
INSERT INTO Z13.MUSCLES (MUSCLE_ID, MUSCLE_NAME) VALUES (2, '''upper-back''');
INSERT INTO Z13.MUSCLES (MUSCLE_ID, MUSCLE_NAME) VALUES (3, '''lower-back''');
INSERT INTO Z13.MUSCLES (MUSCLE_ID, MUSCLE_NAME) VALUES (4, '''chest''');
INSERT INTO Z13.MUSCLES (MUSCLE_ID, MUSCLE_NAME) VALUES (5, '''biceps''');
INSERT INTO Z13.MUSCLES (MUSCLE_ID, MUSCLE_NAME) VALUES (6, '''triceps''');
INSERT INTO Z13.MUSCLES (MUSCLE_ID, MUSCLE_NAME) VALUES (7, '''forearm''');
INSERT INTO Z13.MUSCLES (MUSCLE_ID, MUSCLE_NAME) VALUES (8, '''back-deltoids''');
INSERT INTO Z13.MUSCLES (MUSCLE_ID, MUSCLE_NAME) VALUES (9, '''front-deltoids''');
INSERT INTO Z13.MUSCLES (MUSCLE_ID, MUSCLE_NAME) VALUES (10, '''abs''');
INSERT INTO Z13.MUSCLES (MUSCLE_ID, MUSCLE_NAME) VALUES (11, '''obliques''');
INSERT INTO Z13.MUSCLES (MUSCLE_ID, MUSCLE_NAME) VALUES (12, '''adductor''');
INSERT INTO Z13.MUSCLES (MUSCLE_ID, MUSCLE_NAME) VALUES (13, '''hamstrings''');
INSERT INTO Z13.MUSCLES (MUSCLE_ID, MUSCLE_NAME) VALUES (14, '''quadriceps''');
INSERT INTO Z13.MUSCLES (MUSCLE_ID, MUSCLE_NAME) VALUES (15, '''abductors''');
INSERT INTO Z13.MUSCLES (MUSCLE_ID, MUSCLE_NAME) VALUES (16, '''calves''');
INSERT INTO Z13.MUSCLES (MUSCLE_ID, MUSCLE_NAME) VALUES (17, '''gluteal''');
INSERT INTO Z13.MUSCLES (MUSCLE_ID, MUSCLE_NAME) VALUES (18, '''head''');
INSERT INTO Z13.MUSCLES (MUSCLE_ID, MUSCLE_NAME) VALUES (19, '''neck''');

INSERT INTO Z13.EXERCISES (EXERCISE_ID, TYPE, KCAL_BURNED, NAME) VALUES (1, 'S', 0, 'barbell bench press');
INSERT INTO Z13.EXERCISES (EXERCISE_ID, TYPE, KCAL_BURNED, NAME) VALUES (2, 'S', 0, 'dumbbell bench press');
INSERT INTO Z13.EXERCISES (EXERCISE_ID, TYPE, KCAL_BURNED, NAME) VALUES (3, 'S', 0, 'barbell shoulder press');
INSERT INTO Z13.EXERCISES (EXERCISE_ID, TYPE, KCAL_BURNED, NAME) VALUES (4, 'S', 0, 'dumbbell shoulder press');
INSERT INTO Z13.EXERCISES (EXERCISE_ID, TYPE, KCAL_BURNED, NAME) VALUES (5, 'S', 0, 'dumbbell lateral raise');
INSERT INTO Z13.EXERCISES (EXERCISE_ID, TYPE, KCAL_BURNED, NAME) VALUES (6, 'S', 0, 'dumbbell chest fly');
INSERT INTO Z13.EXERCISES (EXERCISE_ID, TYPE, KCAL_BURNED, NAME) VALUES (7, 'S', 0, 'dip');
INSERT INTO Z13.EXERCISES (EXERCISE_ID, TYPE, KCAL_BURNED, NAME) VALUES (8, 'S', 0, 'cable tricep pushdown');
INSERT INTO Z13.EXERCISES (EXERCISE_ID, TYPE, KCAL_BURNED, NAME) VALUES (9, 'S', 0, 'dumbbell frontal raise');
INSERT INTO Z13.EXERCISES (EXERCISE_ID, TYPE, KCAL_BURNED, NAME) VALUES (10, 'S', 0, 'dumbbell skull crushers');
INSERT INTO Z13.EXERCISES (EXERCISE_ID, TYPE, KCAL_BURNED, NAME) VALUES (11, 'S', 0, 'machine chest press');
INSERT INTO Z13.EXERCISES (EXERCISE_ID, TYPE, KCAL_BURNED, NAME) VALUES (12, 'S', 0, 'machine shoulder press');
INSERT INTO Z13.EXERCISES (EXERCISE_ID, TYPE, KCAL_BURNED, NAME) VALUES (13, 'S', 0, 'machine lateral raise');
INSERT INTO Z13.EXERCISES (EXERCISE_ID, TYPE, KCAL_BURNED, NAME) VALUES (14, 'S', 0, 'machine tricep extension');
INSERT INTO Z13.EXERCISES (EXERCISE_ID, TYPE, KCAL_BURNED, NAME) VALUES (15, 'S', 0, 'push up');
INSERT INTO Z13.EXERCISES (EXERCISE_ID, TYPE, KCAL_BURNED, NAME) VALUES (16, 'S', 0, 'incline barbell bench press');
INSERT INTO Z13.EXERCISES (EXERCISE_ID, TYPE, KCAL_BURNED, NAME) VALUES (17, 'S', 0, 'incline dumbbell bench press');
INSERT INTO Z13.EXERCISES (EXERCISE_ID, TYPE, KCAL_BURNED, NAME) VALUES (18, 'S', 0, 'decline barbell bench press');
INSERT INTO Z13.EXERCISES (EXERCISE_ID, TYPE, KCAL_BURNED, NAME) VALUES (19, 'S', 0, 'decline dumbbell bench press');
INSERT INTO Z13.EXERCISES (EXERCISE_ID, TYPE, KCAL_BURNED, NAME) VALUES (20, 'S', 0, 'machine chest fly');
INSERT INTO Z13.EXERCISES (EXERCISE_ID, TYPE, KCAL_BURNED, NAME) VALUES (21, 'S', 0, 'barbell bicep curl');
INSERT INTO Z13.EXERCISES (EXERCISE_ID, TYPE, KCAL_BURNED, NAME) VALUES (22, 'S', 0, 'dumbbell bicep  curl');
INSERT INTO Z13.EXERCISES (EXERCISE_ID, TYPE, KCAL_BURNED, NAME) VALUES (23, 'S', 0, 'bicep hammer curl');
INSERT INTO Z13.EXERCISES (EXERCISE_ID, TYPE, KCAL_BURNED, NAME) VALUES (24, 'S', 0, 'machine bicep curl');
INSERT INTO Z13.EXERCISES (EXERCISE_ID, TYPE, KCAL_BURNED, NAME) VALUES (25, 'S', 0, 'machine bicep hammer curl');
INSERT INTO Z13.EXERCISES (EXERCISE_ID, TYPE, KCAL_BURNED, NAME) VALUES (26, 'S', 0, 'barbell row');
INSERT INTO Z13.EXERCISES (EXERCISE_ID, TYPE, KCAL_BURNED, NAME) VALUES (27, 'S', 0, 'dumbbell row');
INSERT INTO Z13.EXERCISES (EXERCISE_ID, TYPE, KCAL_BURNED, NAME) VALUES (28, 'S', 0, 'cable row');
INSERT INTO Z13.EXERCISES (EXERCISE_ID, TYPE, KCAL_BURNED, NAME) VALUES (29, 'S', 0, 'pull up');
INSERT INTO Z13.EXERCISES (EXERCISE_ID, TYPE, KCAL_BURNED, NAME) VALUES (30, 'S', 0, 'cable face pull');
INSERT INTO Z13.EXERCISES (EXERCISE_ID, TYPE, KCAL_BURNED, NAME) VALUES (31, 'S', 0, 'chin up');
INSERT INTO Z13.EXERCISES (EXERCISE_ID, TYPE, KCAL_BURNED, NAME) VALUES (32, 'S', 0, 'dumbbell wrist curl');
INSERT INTO Z13.EXERCISES (EXERCISE_ID, TYPE, KCAL_BURNED, NAME) VALUES (33, 'S', 0, 'barbell wrist curl');
INSERT INTO Z13.EXERCISES (EXERCISE_ID, TYPE, KCAL_BURNED, NAME) VALUES (34, 'S', 0, 'dumbbell wrist extension');
INSERT INTO Z13.EXERCISES (EXERCISE_ID, TYPE, KCAL_BURNED, NAME) VALUES (35, 'S', 0, 'barbell wrist extension');
INSERT INTO Z13.EXERCISES (EXERCISE_ID, TYPE, KCAL_BURNED, NAME) VALUES (36, 'S', 0, 'barbell reverse curl');
INSERT INTO Z13.EXERCISES (EXERCISE_ID, TYPE, KCAL_BURNED, NAME) VALUES (37, 'S', 0, 'dumbbell reverse curl');
INSERT INTO Z13.EXERCISES (EXERCISE_ID, TYPE, KCAL_BURNED, NAME) VALUES (38, 'S', 0, 'back extension');
INSERT INTO Z13.EXERCISES (EXERCISE_ID, TYPE, KCAL_BURNED, NAME) VALUES (39, 'S', 0, 'barbell squat');
INSERT INTO Z13.EXERCISES (EXERCISE_ID, TYPE, KCAL_BURNED, NAME) VALUES (40, 'S', 0, 'machine leg press');
INSERT INTO Z13.EXERCISES (EXERCISE_ID, TYPE, KCAL_BURNED, NAME) VALUES (41, 'S', 0, 'machine horizontal leg press');
INSERT INTO Z13.EXERCISES (EXERCISE_ID, TYPE, KCAL_BURNED, NAME) VALUES (42, 'S', 0, 'hack squat');
INSERT INTO Z13.EXERCISES (EXERCISE_ID, TYPE, KCAL_BURNED, NAME) VALUES (43, 'S', 0, 'machine leg extension');
INSERT INTO Z13.EXERCISES (EXERCISE_ID, TYPE, KCAL_BURNED, NAME) VALUES (44, 'S', 0, 'machine leg curl');
INSERT INTO Z13.EXERCISES (EXERCISE_ID, TYPE, KCAL_BURNED, NAME) VALUES (45, 'S', 0, 'barbell standing calf raises');
INSERT INTO Z13.EXERCISES (EXERCISE_ID, TYPE, KCAL_BURNED, NAME) VALUES (46, 'S', 0, 'machine calf raises');
INSERT INTO Z13.EXERCISES (EXERCISE_ID, TYPE, KCAL_BURNED, NAME) VALUES (47, 'S', 0, 'dumbbell lunges');
INSERT INTO Z13.EXERCISES (EXERCISE_ID, TYPE, KCAL_BURNED, NAME) VALUES (48, 'S', 0, 'barbell lunges');
INSERT INTO Z13.EXERCISES (EXERCISE_ID, TYPE, KCAL_BURNED, NAME) VALUES (49, 'S', 0, 'hip thrust');
INSERT INTO Z13.EXERCISES (EXERCISE_ID, TYPE, KCAL_BURNED, NAME) VALUES (50, 'S', 0, 'dumbbell bulgarian split squat');
INSERT INTO Z13.EXERCISES (EXERCISE_ID, TYPE, KCAL_BURNED, NAME) VALUES (51, 'S', 0, 'barbell front squat');
INSERT INTO Z13.EXERCISES (EXERCISE_ID, TYPE, KCAL_BURNED, NAME) VALUES (52, 'S', 0, 'deadlift');
INSERT INTO Z13.EXERCISES (EXERCISE_ID, TYPE, KCAL_BURNED, NAME) VALUES (53, 'S', 0, 'romanian deadlift');
INSERT INTO Z13.EXERCISES (EXERCISE_ID, TYPE, KCAL_BURNED, NAME) VALUES (54, 'S', 0, 'sumo deadlift');
INSERT INTO Z13.EXERCISES (EXERCISE_ID, TYPE, KCAL_BURNED, NAME) VALUES (55, 'S', 0, 'farmer walk');
INSERT INTO Z13.EXERCISES (EXERCISE_ID, TYPE, KCAL_BURNED, NAME) VALUES (56, 'S', 0, 'shrugs');
INSERT INTO Z13.EXERCISES (EXERCISE_ID, TYPE, KCAL_BURNED, NAME) VALUES (57, 'S', 0, 'sit ups');
INSERT INTO Z13.EXERCISES (EXERCISE_ID, TYPE, KCAL_BURNED, NAME) VALUES (58, 'S', 0, 'decline sit ups');
INSERT INTO Z13.EXERCISES (EXERCISE_ID, TYPE, KCAL_BURNED, NAME) VALUES (59, 'S', 0, 'crunches');
INSERT INTO Z13.EXERCISES (EXERCISE_ID, TYPE, KCAL_BURNED, NAME) VALUES (60, 'S', 0, 'decline crunches');
INSERT INTO Z13.EXERCISES (EXERCISE_ID, TYPE, KCAL_BURNED, NAME) VALUES (61, 'S', 0, 'russian twists');
INSERT INTO Z13.EXERCISES (EXERCISE_ID, TYPE, KCAL_BURNED, NAME) VALUES (62, 'S', 0, 'neck curl');
INSERT INTO Z13.EXERCISES (EXERCISE_ID, TYPE, KCAL_BURNED, NAME) VALUES (63, 'S', 0, 'neck extensions');
INSERT INTO Z13.EXERCISES (EXERCISE_ID, TYPE, KCAL_BURNED, NAME) VALUES (64, 'S', 0, 'machine reverse fly');
INSERT INTO Z13.EXERCISES (EXERCISE_ID, TYPE, KCAL_BURNED, NAME) VALUES (65, 'S', 0, 'dumbbell reverse fly');
INSERT INTO Z13.EXERCISES (EXERCISE_ID, TYPE, KCAL_BURNED, NAME) VALUES (66, 'C', 2, 'plank');
INSERT INTO Z13.EXERCISES (EXERCISE_ID, TYPE, KCAL_BURNED, NAME) VALUES (67, 'S', 0, 'leg raises');
INSERT INTO Z13.EXERCISES (EXERCISE_ID, TYPE, KCAL_BURNED, NAME) VALUES (68, 'C', 5, 'walking');
INSERT INTO Z13.EXERCISES (EXERCISE_ID, TYPE, KCAL_BURNED, NAME) VALUES (69, 'C', 10, 'jogging');
INSERT INTO Z13.EXERCISES (EXERCISE_ID, TYPE, KCAL_BURNED, NAME) VALUES (70, 'C', 15, 'running');
INSERT INTO Z13.EXERCISES (EXERCISE_ID, TYPE, KCAL_BURNED, NAME) VALUES (71, 'C', 20, 'sprinting');
INSERT INTO Z13.EXERCISES (EXERCISE_ID, TYPE, KCAL_BURNED, NAME) VALUES (72, 'C', 12, 'swimming');
INSERT INTO Z13.EXERCISES (EXERCISE_ID, TYPE, KCAL_BURNED, NAME) VALUES (73, 'C', 10, 'cycling');
INSERT INTO Z13.EXERCISES (EXERCISE_ID, TYPE, KCAL_BURNED, NAME) VALUES (74, 'C', 8, 'jumping jacks');
INSERT INTO Z13.EXERCISES (EXERCISE_ID, TYPE, KCAL_BURNED, NAME) VALUES (75, 'S', 0, 'machine leg abduction');
INSERT INTO Z13.EXERCISES (EXERCISE_ID, TYPE, KCAL_BURNED, NAME) VALUES (76, 'S', 0, 'machine leg adduction');
INSERT INTO Z13.EXERCISES (EXERCISE_ID, TYPE, KCAL_BURNED, NAME) VALUES (77, 'S', 0, 'machine lat pulldown');

INSERT INTO Z13.EXERCISES_MUSCLES (EXERCISE_ID, MUSCLE_ID) VALUES (1, 4);
INSERT INTO Z13.EXERCISES_MUSCLES (EXERCISE_ID, MUSCLE_ID) VALUES (1, 6);
INSERT INTO Z13.EXERCISES_MUSCLES (EXERCISE_ID, MUSCLE_ID) VALUES (1, 9);
INSERT INTO Z13.EXERCISES_MUSCLES (EXERCISE_ID, MUSCLE_ID) VALUES (2, 4);
INSERT INTO Z13.EXERCISES_MUSCLES (EXERCISE_ID, MUSCLE_ID) VALUES (2, 6);
INSERT INTO Z13.EXERCISES_MUSCLES (EXERCISE_ID, MUSCLE_ID) VALUES (2, 9);
INSERT INTO Z13.EXERCISES_MUSCLES (EXERCISE_ID, MUSCLE_ID) VALUES (3, 6);
INSERT INTO Z13.EXERCISES_MUSCLES (EXERCISE_ID, MUSCLE_ID) VALUES (3, 9);
INSERT INTO Z13.EXERCISES_MUSCLES (EXERCISE_ID, MUSCLE_ID) VALUES (4, 6);
INSERT INTO Z13.EXERCISES_MUSCLES (EXERCISE_ID, MUSCLE_ID) VALUES (4, 9);
INSERT INTO Z13.EXERCISES_MUSCLES (EXERCISE_ID, MUSCLE_ID) VALUES (5, 9);
INSERT INTO Z13.EXERCISES_MUSCLES (EXERCISE_ID, MUSCLE_ID) VALUES (6, 4);
INSERT INTO Z13.EXERCISES_MUSCLES (EXERCISE_ID, MUSCLE_ID) VALUES (7, 4);
INSERT INTO Z13.EXERCISES_MUSCLES (EXERCISE_ID, MUSCLE_ID) VALUES (7, 6);
INSERT INTO Z13.EXERCISES_MUSCLES (EXERCISE_ID, MUSCLE_ID) VALUES (7, 9);
INSERT INTO Z13.EXERCISES_MUSCLES (EXERCISE_ID, MUSCLE_ID) VALUES (8, 6);
INSERT INTO Z13.EXERCISES_MUSCLES (EXERCISE_ID, MUSCLE_ID) VALUES (9, 9);
INSERT INTO Z13.EXERCISES_MUSCLES (EXERCISE_ID, MUSCLE_ID) VALUES (10, 6);
INSERT INTO Z13.EXERCISES_MUSCLES (EXERCISE_ID, MUSCLE_ID) VALUES (11, 4);
INSERT INTO Z13.EXERCISES_MUSCLES (EXERCISE_ID, MUSCLE_ID) VALUES (11, 6);
INSERT INTO Z13.EXERCISES_MUSCLES (EXERCISE_ID, MUSCLE_ID) VALUES (12, 6);
INSERT INTO Z13.EXERCISES_MUSCLES (EXERCISE_ID, MUSCLE_ID) VALUES (12, 9);
INSERT INTO Z13.EXERCISES_MUSCLES (EXERCISE_ID, MUSCLE_ID) VALUES (13, 9);
INSERT INTO Z13.EXERCISES_MUSCLES (EXERCISE_ID, MUSCLE_ID) VALUES (14, 6);
INSERT INTO Z13.EXERCISES_MUSCLES (EXERCISE_ID, MUSCLE_ID) VALUES (15, 4);
INSERT INTO Z13.EXERCISES_MUSCLES (EXERCISE_ID, MUSCLE_ID) VALUES (15, 6);
INSERT INTO Z13.EXERCISES_MUSCLES (EXERCISE_ID, MUSCLE_ID) VALUES (15, 9);
INSERT INTO Z13.EXERCISES_MUSCLES (EXERCISE_ID, MUSCLE_ID) VALUES (16, 4);
INSERT INTO Z13.EXERCISES_MUSCLES (EXERCISE_ID, MUSCLE_ID) VALUES (16, 6);
INSERT INTO Z13.EXERCISES_MUSCLES (EXERCISE_ID, MUSCLE_ID) VALUES (16, 9);
INSERT INTO Z13.EXERCISES_MUSCLES (EXERCISE_ID, MUSCLE_ID) VALUES (17, 4);
INSERT INTO Z13.EXERCISES_MUSCLES (EXERCISE_ID, MUSCLE_ID) VALUES (17, 6);
INSERT INTO Z13.EXERCISES_MUSCLES (EXERCISE_ID, MUSCLE_ID) VALUES (17, 9);
INSERT INTO Z13.EXERCISES_MUSCLES (EXERCISE_ID, MUSCLE_ID) VALUES (18, 4);
INSERT INTO Z13.EXERCISES_MUSCLES (EXERCISE_ID, MUSCLE_ID) VALUES (18, 6);
INSERT INTO Z13.EXERCISES_MUSCLES (EXERCISE_ID, MUSCLE_ID) VALUES (18, 9);
INSERT INTO Z13.EXERCISES_MUSCLES (EXERCISE_ID, MUSCLE_ID) VALUES (19, 4);
INSERT INTO Z13.EXERCISES_MUSCLES (EXERCISE_ID, MUSCLE_ID) VALUES (19, 6);
INSERT INTO Z13.EXERCISES_MUSCLES (EXERCISE_ID, MUSCLE_ID) VALUES (19, 9);
INSERT INTO Z13.EXERCISES_MUSCLES (EXERCISE_ID, MUSCLE_ID) VALUES (20, 4);
INSERT INTO Z13.EXERCISES_MUSCLES (EXERCISE_ID, MUSCLE_ID) VALUES (21, 5);
INSERT INTO Z13.EXERCISES_MUSCLES (EXERCISE_ID, MUSCLE_ID) VALUES (22, 5);
INSERT INTO Z13.EXERCISES_MUSCLES (EXERCISE_ID, MUSCLE_ID) VALUES (23, 5);
INSERT INTO Z13.EXERCISES_MUSCLES (EXERCISE_ID, MUSCLE_ID) VALUES (23, 7);
INSERT INTO Z13.EXERCISES_MUSCLES (EXERCISE_ID, MUSCLE_ID) VALUES (24, 5);
INSERT INTO Z13.EXERCISES_MUSCLES (EXERCISE_ID, MUSCLE_ID) VALUES (25, 5);
INSERT INTO Z13.EXERCISES_MUSCLES (EXERCISE_ID, MUSCLE_ID) VALUES (25, 7);
INSERT INTO Z13.EXERCISES_MUSCLES (EXERCISE_ID, MUSCLE_ID) VALUES (26, 1);
INSERT INTO Z13.EXERCISES_MUSCLES (EXERCISE_ID, MUSCLE_ID) VALUES (26, 2);
INSERT INTO Z13.EXERCISES_MUSCLES (EXERCISE_ID, MUSCLE_ID) VALUES (26, 3);
INSERT INTO Z13.EXERCISES_MUSCLES (EXERCISE_ID, MUSCLE_ID) VALUES (26, 5);
INSERT INTO Z13.EXERCISES_MUSCLES (EXERCISE_ID, MUSCLE_ID) VALUES (26, 7);
INSERT INTO Z13.EXERCISES_MUSCLES (EXERCISE_ID, MUSCLE_ID) VALUES (26, 8);
INSERT INTO Z13.EXERCISES_MUSCLES (EXERCISE_ID, MUSCLE_ID) VALUES (27, 1);
INSERT INTO Z13.EXERCISES_MUSCLES (EXERCISE_ID, MUSCLE_ID) VALUES (27, 2);
INSERT INTO Z13.EXERCISES_MUSCLES (EXERCISE_ID, MUSCLE_ID) VALUES (27, 3);
INSERT INTO Z13.EXERCISES_MUSCLES (EXERCISE_ID, MUSCLE_ID) VALUES (27, 5);
INSERT INTO Z13.EXERCISES_MUSCLES (EXERCISE_ID, MUSCLE_ID) VALUES (27, 7);
INSERT INTO Z13.EXERCISES_MUSCLES (EXERCISE_ID, MUSCLE_ID) VALUES (27, 8);
INSERT INTO Z13.EXERCISES_MUSCLES (EXERCISE_ID, MUSCLE_ID) VALUES (28, 1);
INSERT INTO Z13.EXERCISES_MUSCLES (EXERCISE_ID, MUSCLE_ID) VALUES (28, 2);
INSERT INTO Z13.EXERCISES_MUSCLES (EXERCISE_ID, MUSCLE_ID) VALUES (28, 3);
INSERT INTO Z13.EXERCISES_MUSCLES (EXERCISE_ID, MUSCLE_ID) VALUES (28, 5);
INSERT INTO Z13.EXERCISES_MUSCLES (EXERCISE_ID, MUSCLE_ID) VALUES (28, 7);
INSERT INTO Z13.EXERCISES_MUSCLES (EXERCISE_ID, MUSCLE_ID) VALUES (28, 8);
INSERT INTO Z13.EXERCISES_MUSCLES (EXERCISE_ID, MUSCLE_ID) VALUES (29, 3);
INSERT INTO Z13.EXERCISES_MUSCLES (EXERCISE_ID, MUSCLE_ID) VALUES (29, 5);
INSERT INTO Z13.EXERCISES_MUSCLES (EXERCISE_ID, MUSCLE_ID) VALUES (29, 7);
INSERT INTO Z13.EXERCISES_MUSCLES (EXERCISE_ID, MUSCLE_ID) VALUES (30, 2);
INSERT INTO Z13.EXERCISES_MUSCLES (EXERCISE_ID, MUSCLE_ID) VALUES (30, 8);
INSERT INTO Z13.EXERCISES_MUSCLES (EXERCISE_ID, MUSCLE_ID) VALUES (31, 2);
INSERT INTO Z13.EXERCISES_MUSCLES (EXERCISE_ID, MUSCLE_ID) VALUES (31, 5);
INSERT INTO Z13.EXERCISES_MUSCLES (EXERCISE_ID, MUSCLE_ID) VALUES (32, 7);
INSERT INTO Z13.EXERCISES_MUSCLES (EXERCISE_ID, MUSCLE_ID) VALUES (33, 7);
INSERT INTO Z13.EXERCISES_MUSCLES (EXERCISE_ID, MUSCLE_ID) VALUES (34, 7);
INSERT INTO Z13.EXERCISES_MUSCLES (EXERCISE_ID, MUSCLE_ID) VALUES (35, 7);
INSERT INTO Z13.EXERCISES_MUSCLES (EXERCISE_ID, MUSCLE_ID) VALUES (36, 5);
INSERT INTO Z13.EXERCISES_MUSCLES (EXERCISE_ID, MUSCLE_ID) VALUES (36, 7);
INSERT INTO Z13.EXERCISES_MUSCLES (EXERCISE_ID, MUSCLE_ID) VALUES (37, 5);
INSERT INTO Z13.EXERCISES_MUSCLES (EXERCISE_ID, MUSCLE_ID) VALUES (37, 7);
INSERT INTO Z13.EXERCISES_MUSCLES (EXERCISE_ID, MUSCLE_ID) VALUES (38, 3);
INSERT INTO Z13.EXERCISES_MUSCLES (EXERCISE_ID, MUSCLE_ID) VALUES (39, 13);
INSERT INTO Z13.EXERCISES_MUSCLES (EXERCISE_ID, MUSCLE_ID) VALUES (39, 14);
INSERT INTO Z13.EXERCISES_MUSCLES (EXERCISE_ID, MUSCLE_ID) VALUES (39, 15);
INSERT INTO Z13.EXERCISES_MUSCLES (EXERCISE_ID, MUSCLE_ID) VALUES (39, 16);
INSERT INTO Z13.EXERCISES_MUSCLES (EXERCISE_ID, MUSCLE_ID) VALUES (39, 17);
INSERT INTO Z13.EXERCISES_MUSCLES (EXERCISE_ID, MUSCLE_ID) VALUES (40, 13);
INSERT INTO Z13.EXERCISES_MUSCLES (EXERCISE_ID, MUSCLE_ID) VALUES (40, 14);
INSERT INTO Z13.EXERCISES_MUSCLES (EXERCISE_ID, MUSCLE_ID) VALUES (40, 15);
INSERT INTO Z13.EXERCISES_MUSCLES (EXERCISE_ID, MUSCLE_ID) VALUES (40, 16);
INSERT INTO Z13.EXERCISES_MUSCLES (EXERCISE_ID, MUSCLE_ID) VALUES (40, 17);
INSERT INTO Z13.EXERCISES_MUSCLES (EXERCISE_ID, MUSCLE_ID) VALUES (41, 13);
INSERT INTO Z13.EXERCISES_MUSCLES (EXERCISE_ID, MUSCLE_ID) VALUES (41, 14);
INSERT INTO Z13.EXERCISES_MUSCLES (EXERCISE_ID, MUSCLE_ID) VALUES (41, 15);
INSERT INTO Z13.EXERCISES_MUSCLES (EXERCISE_ID, MUSCLE_ID) VALUES (41, 16);
INSERT INTO Z13.EXERCISES_MUSCLES (EXERCISE_ID, MUSCLE_ID) VALUES (41, 17);
INSERT INTO Z13.EXERCISES_MUSCLES (EXERCISE_ID, MUSCLE_ID) VALUES (42, 13);
INSERT INTO Z13.EXERCISES_MUSCLES (EXERCISE_ID, MUSCLE_ID) VALUES (42, 14);
INSERT INTO Z13.EXERCISES_MUSCLES (EXERCISE_ID, MUSCLE_ID) VALUES (42, 15);
INSERT INTO Z13.EXERCISES_MUSCLES (EXERCISE_ID, MUSCLE_ID) VALUES (42, 16);
INSERT INTO Z13.EXERCISES_MUSCLES (EXERCISE_ID, MUSCLE_ID) VALUES (42, 17);
INSERT INTO Z13.EXERCISES_MUSCLES (EXERCISE_ID, MUSCLE_ID) VALUES (43, 14);
INSERT INTO Z13.EXERCISES_MUSCLES (EXERCISE_ID, MUSCLE_ID) VALUES (44, 13);
INSERT INTO Z13.EXERCISES_MUSCLES (EXERCISE_ID, MUSCLE_ID) VALUES (45, 16);
INSERT INTO Z13.EXERCISES_MUSCLES (EXERCISE_ID, MUSCLE_ID) VALUES (46, 16);
INSERT INTO Z13.EXERCISES_MUSCLES (EXERCISE_ID, MUSCLE_ID) VALUES (47, 13);
INSERT INTO Z13.EXERCISES_MUSCLES (EXERCISE_ID, MUSCLE_ID) VALUES (47, 14);
INSERT INTO Z13.EXERCISES_MUSCLES (EXERCISE_ID, MUSCLE_ID) VALUES (47, 15);
INSERT INTO Z13.EXERCISES_MUSCLES (EXERCISE_ID, MUSCLE_ID) VALUES (47, 16);
INSERT INTO Z13.EXERCISES_MUSCLES (EXERCISE_ID, MUSCLE_ID) VALUES (47, 17);
INSERT INTO Z13.EXERCISES_MUSCLES (EXERCISE_ID, MUSCLE_ID) VALUES (48, 13);
INSERT INTO Z13.EXERCISES_MUSCLES (EXERCISE_ID, MUSCLE_ID) VALUES (48, 14);
INSERT INTO Z13.EXERCISES_MUSCLES (EXERCISE_ID, MUSCLE_ID) VALUES (48, 15);
INSERT INTO Z13.EXERCISES_MUSCLES (EXERCISE_ID, MUSCLE_ID) VALUES (48, 16);
INSERT INTO Z13.EXERCISES_MUSCLES (EXERCISE_ID, MUSCLE_ID) VALUES (48, 17);
INSERT INTO Z13.EXERCISES_MUSCLES (EXERCISE_ID, MUSCLE_ID) VALUES (51, 13);
INSERT INTO Z13.EXERCISES_MUSCLES (EXERCISE_ID, MUSCLE_ID) VALUES (51, 14);
INSERT INTO Z13.EXERCISES_MUSCLES (EXERCISE_ID, MUSCLE_ID) VALUES (51, 15);
INSERT INTO Z13.EXERCISES_MUSCLES (EXERCISE_ID, MUSCLE_ID) VALUES (51, 16);
INSERT INTO Z13.EXERCISES_MUSCLES (EXERCISE_ID, MUSCLE_ID) VALUES (51, 17);
INSERT INTO Z13.EXERCISES_MUSCLES (EXERCISE_ID, MUSCLE_ID) VALUES (52, 2);
INSERT INTO Z13.EXERCISES_MUSCLES (EXERCISE_ID, MUSCLE_ID) VALUES (52, 3);
INSERT INTO Z13.EXERCISES_MUSCLES (EXERCISE_ID, MUSCLE_ID) VALUES (52, 5);
INSERT INTO Z13.EXERCISES_MUSCLES (EXERCISE_ID, MUSCLE_ID) VALUES (52, 13);
INSERT INTO Z13.EXERCISES_MUSCLES (EXERCISE_ID, MUSCLE_ID) VALUES (52, 14);
INSERT INTO Z13.EXERCISES_MUSCLES (EXERCISE_ID, MUSCLE_ID) VALUES (52, 17);
INSERT INTO Z13.EXERCISES_MUSCLES (EXERCISE_ID, MUSCLE_ID) VALUES (53, 2);
INSERT INTO Z13.EXERCISES_MUSCLES (EXERCISE_ID, MUSCLE_ID) VALUES (53, 3);
INSERT INTO Z13.EXERCISES_MUSCLES (EXERCISE_ID, MUSCLE_ID) VALUES (53, 13);
INSERT INTO Z13.EXERCISES_MUSCLES (EXERCISE_ID, MUSCLE_ID) VALUES (53, 17);
INSERT INTO Z13.EXERCISES_MUSCLES (EXERCISE_ID, MUSCLE_ID) VALUES (54, 2);
INSERT INTO Z13.EXERCISES_MUSCLES (EXERCISE_ID, MUSCLE_ID) VALUES (54, 3);
INSERT INTO Z13.EXERCISES_MUSCLES (EXERCISE_ID, MUSCLE_ID) VALUES (54, 13);
INSERT INTO Z13.EXERCISES_MUSCLES (EXERCISE_ID, MUSCLE_ID) VALUES (54, 14);
INSERT INTO Z13.EXERCISES_MUSCLES (EXERCISE_ID, MUSCLE_ID) VALUES (54, 15);
INSERT INTO Z13.EXERCISES_MUSCLES (EXERCISE_ID, MUSCLE_ID) VALUES (54, 17);
INSERT INTO Z13.EXERCISES_MUSCLES (EXERCISE_ID, MUSCLE_ID) VALUES (55, 2);
INSERT INTO Z13.EXERCISES_MUSCLES (EXERCISE_ID, MUSCLE_ID) VALUES (55, 3);
INSERT INTO Z13.EXERCISES_MUSCLES (EXERCISE_ID, MUSCLE_ID) VALUES (55, 7);
INSERT INTO Z13.EXERCISES_MUSCLES (EXERCISE_ID, MUSCLE_ID) VALUES (55, 16);
INSERT INTO Z13.EXERCISES_MUSCLES (EXERCISE_ID, MUSCLE_ID) VALUES (55, 17);
INSERT INTO Z13.EXERCISES_MUSCLES (EXERCISE_ID, MUSCLE_ID) VALUES (56, 1);
INSERT INTO Z13.EXERCISES_MUSCLES (EXERCISE_ID, MUSCLE_ID) VALUES (56, 2);
INSERT INTO Z13.EXERCISES_MUSCLES (EXERCISE_ID, MUSCLE_ID) VALUES (57, 10);
INSERT INTO Z13.EXERCISES_MUSCLES (EXERCISE_ID, MUSCLE_ID) VALUES (58, 10);
INSERT INTO Z13.EXERCISES_MUSCLES (EXERCISE_ID, MUSCLE_ID) VALUES (59, 10);
INSERT INTO Z13.EXERCISES_MUSCLES (EXERCISE_ID, MUSCLE_ID) VALUES (60, 10);
INSERT INTO Z13.EXERCISES_MUSCLES (EXERCISE_ID, MUSCLE_ID) VALUES (61, 10);
INSERT INTO Z13.EXERCISES_MUSCLES (EXERCISE_ID, MUSCLE_ID) VALUES (61, 11);
INSERT INTO Z13.EXERCISES_MUSCLES (EXERCISE_ID, MUSCLE_ID) VALUES (62, 19);
INSERT INTO Z13.EXERCISES_MUSCLES (EXERCISE_ID, MUSCLE_ID) VALUES (63, 19);
INSERT INTO Z13.EXERCISES_MUSCLES (EXERCISE_ID, MUSCLE_ID) VALUES (64, 2);
INSERT INTO Z13.EXERCISES_MUSCLES (EXERCISE_ID, MUSCLE_ID) VALUES (64, 8);
INSERT INTO Z13.EXERCISES_MUSCLES (EXERCISE_ID, MUSCLE_ID) VALUES (64, 9);
INSERT INTO Z13.EXERCISES_MUSCLES (EXERCISE_ID, MUSCLE_ID) VALUES (65, 2);
INSERT INTO Z13.EXERCISES_MUSCLES (EXERCISE_ID, MUSCLE_ID) VALUES (65, 8);
INSERT INTO Z13.EXERCISES_MUSCLES (EXERCISE_ID, MUSCLE_ID) VALUES (65, 9);
INSERT INTO Z13.EXERCISES_MUSCLES (EXERCISE_ID, MUSCLE_ID) VALUES (66, 10);
INSERT INTO Z13.EXERCISES_MUSCLES (EXERCISE_ID, MUSCLE_ID) VALUES (66, 11);
INSERT INTO Z13.EXERCISES_MUSCLES (EXERCISE_ID, MUSCLE_ID) VALUES (67, 10);
INSERT INTO Z13.EXERCISES_MUSCLES (EXERCISE_ID, MUSCLE_ID) VALUES (67, 11);
INSERT INTO Z13.EXERCISES_MUSCLES (EXERCISE_ID, MUSCLE_ID) VALUES (67, 17);
INSERT INTO Z13.EXERCISES_MUSCLES (EXERCISE_ID, MUSCLE_ID) VALUES (68, 13);
INSERT INTO Z13.EXERCISES_MUSCLES (EXERCISE_ID, MUSCLE_ID) VALUES (68, 14);
INSERT INTO Z13.EXERCISES_MUSCLES (EXERCISE_ID, MUSCLE_ID) VALUES (68, 16);
INSERT INTO Z13.EXERCISES_MUSCLES (EXERCISE_ID, MUSCLE_ID) VALUES (69, 13);
INSERT INTO Z13.EXERCISES_MUSCLES (EXERCISE_ID, MUSCLE_ID) VALUES (69, 14);
INSERT INTO Z13.EXERCISES_MUSCLES (EXERCISE_ID, MUSCLE_ID) VALUES (69, 16);
INSERT INTO Z13.EXERCISES_MUSCLES (EXERCISE_ID, MUSCLE_ID) VALUES (70, 13);
INSERT INTO Z13.EXERCISES_MUSCLES (EXERCISE_ID, MUSCLE_ID) VALUES (70, 14);
INSERT INTO Z13.EXERCISES_MUSCLES (EXERCISE_ID, MUSCLE_ID) VALUES (70, 16);
INSERT INTO Z13.EXERCISES_MUSCLES (EXERCISE_ID, MUSCLE_ID) VALUES (71, 13);
INSERT INTO Z13.EXERCISES_MUSCLES (EXERCISE_ID, MUSCLE_ID) VALUES (71, 14);
INSERT INTO Z13.EXERCISES_MUSCLES (EXERCISE_ID, MUSCLE_ID) VALUES (71, 16);
INSERT INTO Z13.EXERCISES_MUSCLES (EXERCISE_ID, MUSCLE_ID) VALUES (72, 1);
INSERT INTO Z13.EXERCISES_MUSCLES (EXERCISE_ID, MUSCLE_ID) VALUES (72, 2);
INSERT INTO Z13.EXERCISES_MUSCLES (EXERCISE_ID, MUSCLE_ID) VALUES (72, 4);
INSERT INTO Z13.EXERCISES_MUSCLES (EXERCISE_ID, MUSCLE_ID) VALUES (72, 5);
INSERT INTO Z13.EXERCISES_MUSCLES (EXERCISE_ID, MUSCLE_ID) VALUES (72, 6);
INSERT INTO Z13.EXERCISES_MUSCLES (EXERCISE_ID, MUSCLE_ID) VALUES (72, 8);
INSERT INTO Z13.EXERCISES_MUSCLES (EXERCISE_ID, MUSCLE_ID) VALUES (72, 9);
INSERT INTO Z13.EXERCISES_MUSCLES (EXERCISE_ID, MUSCLE_ID) VALUES (72, 10);
INSERT INTO Z13.EXERCISES_MUSCLES (EXERCISE_ID, MUSCLE_ID) VALUES (72, 11);
INSERT INTO Z13.EXERCISES_MUSCLES (EXERCISE_ID, MUSCLE_ID) VALUES (72, 13);
INSERT INTO Z13.EXERCISES_MUSCLES (EXERCISE_ID, MUSCLE_ID) VALUES (72, 14);
INSERT INTO Z13.EXERCISES_MUSCLES (EXERCISE_ID, MUSCLE_ID) VALUES (72, 16);
INSERT INTO Z13.EXERCISES_MUSCLES (EXERCISE_ID, MUSCLE_ID) VALUES (73, 13);
INSERT INTO Z13.EXERCISES_MUSCLES (EXERCISE_ID, MUSCLE_ID) VALUES (73, 14);
INSERT INTO Z13.EXERCISES_MUSCLES (EXERCISE_ID, MUSCLE_ID) VALUES (73, 16);
INSERT INTO Z13.EXERCISES_MUSCLES (EXERCISE_ID, MUSCLE_ID) VALUES (73, 17);
INSERT INTO Z13.EXERCISES_MUSCLES (EXERCISE_ID, MUSCLE_ID) VALUES (74, 2);
INSERT INTO Z13.EXERCISES_MUSCLES (EXERCISE_ID, MUSCLE_ID) VALUES (74, 8);
INSERT INTO Z13.EXERCISES_MUSCLES (EXERCISE_ID, MUSCLE_ID) VALUES (74, 14);
INSERT INTO Z13.EXERCISES_MUSCLES (EXERCISE_ID, MUSCLE_ID) VALUES (74, 16);
INSERT INTO Z13.EXERCISES_MUSCLES (EXERCISE_ID, MUSCLE_ID) VALUES (75, 15);
INSERT INTO Z13.EXERCISES_MUSCLES (EXERCISE_ID, MUSCLE_ID) VALUES (75, 17);
INSERT INTO Z13.EXERCISES_MUSCLES (EXERCISE_ID, MUSCLE_ID) VALUES (76, 12);
INSERT INTO Z13.EXERCISES_MUSCLES (EXERCISE_ID, MUSCLE_ID) VALUES (76, 17);
INSERT INTO Z13.EXERCISES_MUSCLES (EXERCISE_ID, MUSCLE_ID) VALUES (77, 1);
INSERT INTO Z13.EXERCISES_MUSCLES (EXERCISE_ID, MUSCLE_ID) VALUES (77, 2);
INSERT INTO Z13.EXERCISES_MUSCLES (EXERCISE_ID, MUSCLE_ID) VALUES (77, 3);
INSERT INTO Z13.EXERCISES_MUSCLES (EXERCISE_ID, MUSCLE_ID) VALUES (77, 5);
INSERT INTO Z13.EXERCISES_MUSCLES (EXERCISE_ID, MUSCLE_ID) VALUES (77, 7);
