INSERT INTO Z13.MUSCLES (MUSCLE_ID, MUSCLE_NAME) VALUES (1, '''trapezius''');
INSERT INTO Z13.MUSCLES (MUSCLE_ID, MUSCLE_NAME) VALUES (2, '''upper-back''');
INSERT INTO Z13.MUSCLES (MUSCLE_ID, MUSCLE_NAME) VALUES (3, '''lower-back''');
INSERT INTO Z13.MUSCLES (MUSCLE_ID, MUSCLE_NAME) VALUES (4, '''chest''');
INSERT INTO Z13.MUSCLES (MUSCLE_ID, MUSCLE_NAME) VALUES (5, '''biceps''');
INSERT INTO Z13.MUSCLES (MUSCLE_ID, MUSCLE_NAME) VALUES (6, '''triceps''');
INSERT INTO Z13.MUSCLES (MUSCLE_ID, MUSCLE_NAME) VALUES (7, '''forearm''');
INSERT INTO Z13.MUSCLES (MUSCLE_ID, MUSCLE_NAME) VALUES (8, '''back-deltoids''');
INSERT INTO Z13.MUSCLES (MUSCLE_ID, MUSCLE_NAME) VALUES (9, '''front-deltoids''');
INSERT INTO Z13.MUSCLES (MUSCLE_ID, MUSCLE_NAME) VALUES (10, '''abs''');
INSERT INTO Z13.MUSCLES (MUSCLE_ID, MUSCLE_NAME) VALUES (11, '''obliques''');
INSERT INTO Z13.MUSCLES (MUSCLE_ID, MUSCLE_NAME) VALUES (12, '''adductor''');
INSERT INTO Z13.MUSCLES (MUSCLE_ID, MUSCLE_NAME) VALUES (13, '''hamstrings''');
INSERT INTO Z13.MUSCLES (MUSCLE_ID, MUSCLE_NAME) VALUES (14, '''quadriceps''');
INSERT INTO Z13.MUSCLES (MUSCLE_ID, MUSCLE_NAME) VALUES (15, '''abductors''');
INSERT INTO Z13.MUSCLES (MUSCLE_ID, MUSCLE_NAME) VALUES (16, '''calves''');
INSERT INTO Z13.MUSCLES (MUSCLE_ID, MUSCLE_NAME) VALUES (17, '''gluteal''');
INSERT INTO Z13.MUSCLES (MUSCLE_ID, MUSCLE_NAME) VALUES (18, '''head''');
INSERT INTO Z13.MUSCLES (MUSCLE_ID, MUSCLE_NAME) VALUES (19, '''neck''');
commit;

INSERT INTO Z13.EXERCISES (EXERCISE_ID, TYPE, KCAL_BURNED, NAME, VIDEO_ID) VALUES (1, 'S', 0, 'barbell bench press', 'EeE3f4VWFDo');
INSERT INTO Z13.EXERCISES (EXERCISE_ID, TYPE, KCAL_BURNED, NAME, VIDEO_ID) VALUES (2, 'S', 0, 'dumbbell bench press', 'YQ2s_Y7g5Qk');
INSERT INTO Z13.EXERCISES (EXERCISE_ID, TYPE, KCAL_BURNED, NAME, VIDEO_ID) VALUES (3, 'S', 0, 'barbell shoulder press', 'EeE3f4VWFDo');
INSERT INTO Z13.EXERCISES (EXERCISE_ID, TYPE, KCAL_BURNED, NAME, VIDEO_ID) VALUES (4, 'S', 0, 'dumbbell shoulder press', 'HzIiNhHhhtA');
INSERT INTO Z13.EXERCISES (EXERCISE_ID, TYPE, KCAL_BURNED, NAME, VIDEO_ID) VALUES (5, 'S', 0, 'dumbbell lateral raise', 'OuG1smZTsQQ');
INSERT INTO Z13.EXERCISES (EXERCISE_ID, TYPE, KCAL_BURNED, NAME, VIDEO_ID) VALUES (6, 'S', 0, 'dumbbell chest fly', 'JFm8KbhjibM');
INSERT INTO Z13.EXERCISES (EXERCISE_ID, TYPE, KCAL_BURNED, NAME, VIDEO_ID) VALUES (7, 'S', 0, 'dip', '4LA1kF7yCGo');
INSERT INTO Z13.EXERCISES (EXERCISE_ID, TYPE, KCAL_BURNED, NAME, VIDEO_ID) VALUES (8, 'S', 0, 'cable tricep pushdown', '6Fzep104f0s');
INSERT INTO Z13.EXERCISES (EXERCISE_ID, TYPE, KCAL_BURNED, NAME, VIDEO_ID) VALUES (9, 'S', 0, 'dumbbell frontal raise', 'hRJ6tR5-if0');
INSERT INTO Z13.EXERCISES (EXERCISE_ID, TYPE, KCAL_BURNED, NAME, VIDEO_ID) VALUES (10, 'S', 0, 'dumbbell skull crushers', 'jPjhQ2hsAds');
INSERT INTO Z13.EXERCISES (EXERCISE_ID, TYPE, KCAL_BURNED, NAME, VIDEO_ID) VALUES (11, 'S', 0, 'machine chest press', 'NwzUje3z0qY');
INSERT INTO Z13.EXERCISES (EXERCISE_ID, TYPE, KCAL_BURNED, NAME, VIDEO_ID) VALUES (12, 'S', 0, 'machine shoulder press', 'WvLMauqrnK8');
INSERT INTO Z13.EXERCISES (EXERCISE_ID, TYPE, KCAL_BURNED, NAME, VIDEO_ID) VALUES (13, 'S', 0, 'machine lateral raise', '0o07iGKUarI');
INSERT INTO Z13.EXERCISES (EXERCISE_ID, TYPE, KCAL_BURNED, NAME, VIDEO_ID) VALUES (14, 'S', 0, 'machine tricep extension', 'Bx8ga1BLHLE');
INSERT INTO Z13.EXERCISES (EXERCISE_ID, TYPE, KCAL_BURNED, NAME, VIDEO_ID) VALUES (15, 'S', 0, 'push up', 'mm6_WcoCVTA');
INSERT INTO Z13.EXERCISES (EXERCISE_ID, TYPE, KCAL_BURNED, NAME, VIDEO_ID) VALUES (16, 'S', 0, 'incline barbell bench press', 'lJ2o89kcnxY');
INSERT INTO Z13.EXERCISES (EXERCISE_ID, TYPE, KCAL_BURNED, NAME, VIDEO_ID) VALUES (17, 'S', 0, 'incline dumbbell bench press', '5CECBjd7HLQ');
INSERT INTO Z13.EXERCISES (EXERCISE_ID, TYPE, KCAL_BURNED, NAME, VIDEO_ID) VALUES (18, 'S', 0, 'decline barbell bench press', 'UH3w618WAAc');
INSERT INTO Z13.EXERCISES (EXERCISE_ID, TYPE, KCAL_BURNED, NAME, VIDEO_ID) VALUES (19, 'S', 0, 'decline dumbbell bench press', '4R_GwRhG0rY');
INSERT INTO Z13.EXERCISES (EXERCISE_ID, TYPE, KCAL_BURNED, NAME, VIDEO_ID) VALUES (20, 'S', 0, 'machine chest fly', 'FDay9wFe5uE');
INSERT INTO Z13.EXERCISES (EXERCISE_ID, TYPE, KCAL_BURNED, NAME, VIDEO_ID) VALUES (21, 'S', 0, 'barbell bicep curl', 'JnLFSFurrqQ');
INSERT INTO Z13.EXERCISES (EXERCISE_ID, TYPE, KCAL_BURNED, NAME, VIDEO_ID) VALUES (22, 'S', 0, 'dumbbell bicep  curl', 'iixND1P2lik');
INSERT INTO Z13.EXERCISES (EXERCISE_ID, TYPE, KCAL_BURNED, NAME, VIDEO_ID) VALUES (23, 'S', 0, 'bicep hammer curl', 'XOEL4MgekYE');
INSERT INTO Z13.EXERCISES (EXERCISE_ID, TYPE, KCAL_BURNED, NAME, VIDEO_ID) VALUES (24, 'S', 0, 'machine bicep curl', 'Ja6ZlIDONac');
INSERT INTO Z13.EXERCISES (EXERCISE_ID, TYPE, KCAL_BURNED, NAME, VIDEO_ID) VALUES (25, 'S', 0, 'machine bicep hammer curl', 'Ja6ZlIDONac');
INSERT INTO Z13.EXERCISES (EXERCISE_ID, TYPE, KCAL_BURNED, NAME, VIDEO_ID) VALUES (26, 'S', 0, 'barbell row', '6FZHJGzMFEc');
INSERT INTO Z13.EXERCISES (EXERCISE_ID, TYPE, KCAL_BURNED, NAME, VIDEO_ID) VALUES (27, 'S', 0, 'dumbbell row', 'DMo3HJoawrU');
INSERT INTO Z13.EXERCISES (EXERCISE_ID, TYPE, KCAL_BURNED, NAME, VIDEO_ID) VALUES (28, 'S', 0, 'cable row', 'UCXxvVItLoM');
INSERT INTO Z13.EXERCISES (EXERCISE_ID, TYPE, KCAL_BURNED, NAME, VIDEO_ID) VALUES (29, 'S', 0, 'pull up', 'GRgWPT9XSQQ');
INSERT INTO Z13.EXERCISES (EXERCISE_ID, TYPE, KCAL_BURNED, NAME, VIDEO_ID) VALUES (30, 'S', 0, 'cable face pull', '-MODnZdnmAQ');
INSERT INTO Z13.EXERCISES (EXERCISE_ID, TYPE, KCAL_BURNED, NAME, VIDEO_ID) VALUES (31, 'S', 0, 'chin up', '9JC1EwqezGY');
INSERT INTO Z13.EXERCISES (EXERCISE_ID, TYPE, KCAL_BURNED, NAME, VIDEO_ID) VALUES (32, 'S', 0, 'dumbbell wrist curl', '2wPpcJBe03o');
INSERT INTO Z13.EXERCISES (EXERCISE_ID, TYPE, KCAL_BURNED, NAME, VIDEO_ID) VALUES (33, 'S', 0, 'barbell wrist curl', 'lfQR7oVS8eo');
INSERT INTO Z13.EXERCISES (EXERCISE_ID, TYPE, KCAL_BURNED, NAME, VIDEO_ID) VALUES (34, 'S', 0, 'dumbbell wrist extension', 'la-0c4ubkvs');
INSERT INTO Z13.EXERCISES (EXERCISE_ID, TYPE, KCAL_BURNED, NAME, VIDEO_ID) VALUES (35, 'S', 0, 'barbell wrist extension', 'PMdkUNXrB9Q');
INSERT INTO Z13.EXERCISES (EXERCISE_ID, TYPE, KCAL_BURNED, NAME, VIDEO_ID) VALUES (36, 'S', 0, 'barbell reverse curl', 'TUX58GM5fRQ');
INSERT INTO Z13.EXERCISES (EXERCISE_ID, TYPE, KCAL_BURNED, NAME, VIDEO_ID) VALUES (37, 'S', 0, 'dumbbell reverse curl', 'hUA-fIpM7nA');
INSERT INTO Z13.EXERCISES (EXERCISE_ID, TYPE, KCAL_BURNED, NAME, VIDEO_ID) VALUES (38, 'S', 0, 'back extension', '5_ejbGfdAQE');
INSERT INTO Z13.EXERCISES (EXERCISE_ID, TYPE, KCAL_BURNED, NAME, VIDEO_ID) VALUES (39, 'S', 0, 'barbell squat', 'i7J5h7BJ07g');
INSERT INTO Z13.EXERCISES (EXERCISE_ID, TYPE, KCAL_BURNED, NAME, VIDEO_ID) VALUES (40, 'S', 0, 'machine leg press', 'yZmx_Ac3880');
INSERT INTO Z13.EXERCISES (EXERCISE_ID, TYPE, KCAL_BURNED, NAME, VIDEO_ID) VALUES (41, 'S', 0, 'machine horizontal leg press', 'ccTiGvrsUUY');
INSERT INTO Z13.EXERCISES (EXERCISE_ID, TYPE, KCAL_BURNED, NAME, VIDEO_ID) VALUES (42, 'S', 0, 'hack squat', 'rYgNArpwE7E');
INSERT INTO Z13.EXERCISES (EXERCISE_ID, TYPE, KCAL_BURNED, NAME, VIDEO_ID) VALUES (43, 'S', 0, 'machine leg extension', 'm0FOpMEgero');
INSERT INTO Z13.EXERCISES (EXERCISE_ID, TYPE, KCAL_BURNED, NAME, VIDEO_ID) VALUES (44, 'S', 0, 'machine leg curl', 'Orxowest56U');
INSERT INTO Z13.EXERCISES (EXERCISE_ID, TYPE, KCAL_BURNED, NAME, VIDEO_ID) VALUES (45, 'S', 0, 'barbell standing calf raises', 'hh5516HCu4k');
INSERT INTO Z13.EXERCISES (EXERCISE_ID, TYPE, KCAL_BURNED, NAME, VIDEO_ID) VALUES (46, 'S', 0, 'machine calf raises', 'N3awlEyTY98');
INSERT INTO Z13.EXERCISES (EXERCISE_ID, TYPE, KCAL_BURNED, NAME, VIDEO_ID) VALUES (47, 'S', 0, 'dumbbell lunges', 'eFWCn5iEbTU');
INSERT INTO Z13.EXERCISES (EXERCISE_ID, TYPE, KCAL_BURNED, NAME, VIDEO_ID) VALUES (48, 'S', 0, 'barbell lunges', '_meXEWq5MOQ');
INSERT INTO Z13.EXERCISES (EXERCISE_ID, TYPE, KCAL_BURNED, NAME, VIDEO_ID) VALUES (49, 'S', 0, 'hip thrust', 'EF7jXP17DPE');
INSERT INTO Z13.EXERCISES (EXERCISE_ID, TYPE, KCAL_BURNED, NAME, VIDEO_ID) VALUES (50, 'S', 0, 'barbell bulgarian split squat', 'jNihW0WDIL4');
INSERT INTO Z13.EXERCISES (EXERCISE_ID, TYPE, KCAL_BURNED, NAME, VIDEO_ID) VALUES (51, 'S', 0, 'barbell front squat', 'HHxNbhP16UE');
INSERT INTO Z13.EXERCISES (EXERCISE_ID, TYPE, KCAL_BURNED, NAME, VIDEO_ID) VALUES (52, 'S', 0, 'deadlift', 'AweC3UaM14o');
INSERT INTO Z13.EXERCISES (EXERCISE_ID, TYPE, KCAL_BURNED, NAME, VIDEO_ID) VALUES (53, 'S', 0, 'romanian deadlift', 'bT5OOBgY4bc');
INSERT INTO Z13.EXERCISES (EXERCISE_ID, TYPE, KCAL_BURNED, NAME, VIDEO_ID) VALUES (54, 'S', 0, 'sumo deadlift', 'pfSMst14EFk');
INSERT INTO Z13.EXERCISES (EXERCISE_ID, TYPE, KCAL_BURNED, NAME, VIDEO_ID) VALUES (55, 'F', 0, 'farmer walk', 'dX0itH_wXBQ');
INSERT INTO Z13.EXERCISES (EXERCISE_ID, TYPE, KCAL_BURNED, NAME, VIDEO_ID) VALUES (56, 'S', 0, 'shrugs', '_t3lrPI6Ns4');
INSERT INTO Z13.EXERCISES (EXERCISE_ID, TYPE, KCAL_BURNED, NAME, VIDEO_ID) VALUES (57, 'S', 0, 'sit ups', 'pXg8qppif7I');
INSERT INTO Z13.EXERCISES (EXERCISE_ID, TYPE, KCAL_BURNED, NAME, VIDEO_ID) VALUES (58, 'S', 0, 'decline sit ups', 'DAnTf16NcT0');
INSERT INTO Z13.EXERCISES (EXERCISE_ID, TYPE, KCAL_BURNED, NAME, VIDEO_ID) VALUES (59, 'S', 0, 'crunches', '0t4t3IpiEao');
INSERT INTO Z13.EXERCISES (EXERCISE_ID, TYPE, KCAL_BURNED, NAME, VIDEO_ID) VALUES (60, 'S', 0, 'decline crunches', 'dVO_yOfvp3A');
INSERT INTO Z13.EXERCISES (EXERCISE_ID, TYPE, KCAL_BURNED, NAME, VIDEO_ID) VALUES (61, 'S', 0, 'russian twists', 'pzMWYoeSCzw');
INSERT INTO Z13.EXERCISES (EXERCISE_ID, TYPE, KCAL_BURNED, NAME, VIDEO_ID) VALUES (62, 'S', 0, 'neck curl', 'WSfy5wpU_Io');
INSERT INTO Z13.EXERCISES (EXERCISE_ID, TYPE, KCAL_BURNED, NAME, VIDEO_ID) VALUES (63, 'S', 0, 'neck extensions', 'Z6rZ8oRyFAk');
INSERT INTO Z13.EXERCISES (EXERCISE_ID, TYPE, KCAL_BURNED, NAME, VIDEO_ID) VALUES (64, 'S', 0, 'machine reverse fly', '5YK4bgzXDp0');
INSERT INTO Z13.EXERCISES (EXERCISE_ID, TYPE, KCAL_BURNED, NAME, VIDEO_ID) VALUES (65, 'S', 0, 'dumbbell reverse fly', 'hf7jnF45N_I');
INSERT INTO Z13.EXERCISES (EXERCISE_ID, TYPE, KCAL_BURNED, NAME, VIDEO_ID) VALUES (66, 'C', 2, 'plank', 'EPiXN2bkLoQ');
INSERT INTO Z13.EXERCISES (EXERCISE_ID, TYPE, KCAL_BURNED, NAME, VIDEO_ID) VALUES (67, 'S', 0, 'leg raises', 'q0JVBRHoLz4');
INSERT INTO Z13.EXERCISES (EXERCISE_ID, TYPE, KCAL_BURNED, NAME, VIDEO_ID) VALUES (68, 'C', 5, 'walking', null);
INSERT INTO Z13.EXERCISES (EXERCISE_ID, TYPE, KCAL_BURNED, NAME, VIDEO_ID) VALUES (69, 'C', 10, 'jogging', null);
INSERT INTO Z13.EXERCISES (EXERCISE_ID, TYPE, KCAL_BURNED, NAME, VIDEO_ID) VALUES (70, 'C', 15, 'running', null);
INSERT INTO Z13.EXERCISES (EXERCISE_ID, TYPE, KCAL_BURNED, NAME, VIDEO_ID) VALUES (71, 'C', 20, 'sprinting', null);
INSERT INTO Z13.EXERCISES (EXERCISE_ID, TYPE, KCAL_BURNED, NAME, VIDEO_ID) VALUES (72, 'C', 12, 'swimming', null);
INSERT INTO Z13.EXERCISES (EXERCISE_ID, TYPE, KCAL_BURNED, NAME, VIDEO_ID) VALUES (73, 'C', 10, 'cycling', null);
INSERT INTO Z13.EXERCISES (EXERCISE_ID, TYPE, KCAL_BURNED, NAME, VIDEO_ID) VALUES (74, 'C', 8, 'jumping jacks', 'uLVt6u15L98');
INSERT INTO Z13.EXERCISES (EXERCISE_ID, TYPE, KCAL_BURNED, NAME, VIDEO_ID) VALUES (75, 'S', 0, 'machine leg abduction', 'G_8LItOiZ0Q');
INSERT INTO Z13.EXERCISES (EXERCISE_ID, TYPE, KCAL_BURNED, NAME, VIDEO_ID) VALUES (76, 'S', 0, 'machine leg adduction', 'CjAVezAggkI');
INSERT INTO Z13.EXERCISES (EXERCISE_ID, TYPE, KCAL_BURNED, NAME, VIDEO_ID) VALUES (77, 'S', 0, 'machine lat pulldown', 'EUIri47Epcg');
INSERT INTO Z13.EXERCISES (EXERCISE_ID, TYPE, KCAL_BURNED, NAME, VIDEO_ID) VALUES (168, 'C', 8, 'incline walking', null);
INSERT INTO Z13.EXERCISES (EXERCISE_ID, TYPE, KCAL_BURNED, NAME, VIDEO_ID) VALUES (173, 'F', 10, 'trap bar farmer''s walk', 'ivqzKhwOpvI');
INSERT INTO Z13.EXERCISES (EXERCISE_ID, TYPE, KCAL_BURNED, NAME, VIDEO_ID) VALUES (169, 'C', 12, 'stepper', null);
INSERT INTO Z13.EXERCISES (EXERCISE_ID, TYPE, KCAL_BURNED, NAME, VIDEO_ID) VALUES (170, 'C', 18, 'burpees', 'TU8QYVW0gDU');
INSERT INTO Z13.EXERCISES (EXERCISE_ID, TYPE, KCAL_BURNED, NAME, VIDEO_ID) VALUES (171, 'C', 14, 'rope skipping', null);
INSERT INTO Z13.EXERCISES (EXERCISE_ID, TYPE, KCAL_BURNED, NAME, VIDEO_ID) VALUES (172, 'F', 10, 'dumbbell farmer''s walk', '8OtwXwrJizk');
INSERT INTO Z13.EXERCISES (EXERCISE_ID, TYPE, KCAL_BURNED, NAME, VIDEO_ID) VALUES (174, 'F', 12, 'battle ropes alternating waves', 'ZujykKeVZpM');
INSERT INTO Z13.EXERCISES (EXERCISE_ID, TYPE, KCAL_BURNED, NAME, VIDEO_ID) VALUES (175, 'F', 12, 'battle ropes side waves', 'tDCgANYoO3Q');
INSERT INTO Z13.EXERCISES (EXERCISE_ID, TYPE, KCAL_BURNED, NAME, VIDEO_ID) VALUES (176, 'F', 12, 'battle ropes inside circles', 'ycYOpuuqnLw');
INSERT INTO Z13.EXERCISES (EXERCISE_ID, TYPE, KCAL_BURNED, NAME, VIDEO_ID) VALUES (177, 'F', 12, 'battle ropes outside circles', 'bIeB-Ut8YJM');
INSERT INTO Z13.EXERCISES (EXERCISE_ID, TYPE, KCAL_BURNED, NAME, VIDEO_ID) VALUES (178, 'F', 10, 'battle ropes uppercuts', 'HIZI3TkbJjs');
INSERT INTO Z13.EXERCISES (EXERCISE_ID, TYPE, KCAL_BURNED, NAME, VIDEO_ID) VALUES (179, 'F', 20, 'battle ropes jumping jacks', 'r7Ndi0YYZ-0');
INSERT INTO Z13.EXERCISES (EXERCISE_ID, TYPE, KCAL_BURNED, NAME, VIDEO_ID) VALUES (180, 'F', 14, 'battle ropes slams', '7wDx6mZDxA8');
INSERT INTO Z13.EXERCISES (EXERCISE_ID, TYPE, KCAL_BURNED, NAME, VIDEO_ID) VALUES (301, 'F', 100, 'kidmaker', 'I-u4F-E5yJ0');
INSERT INTO Z13.EXERCISES (EXERCISE_ID, TYPE, KCAL_BURNED, NAME, VIDEO_ID) VALUES (302, 'S', 0, 'dumbbell bulgarian split squat', 'Fmjj7wFJWRE');
INSERT INTO Z13.EXERCISES (EXERCISE_ID, TYPE, KCAL_BURNED, NAME, VIDEO_ID) VALUES (259, 'F', 10, 'weighted wall sit', '8e42dL8MeMw');
INSERT INTO Z13.EXERCISES (EXERCISE_ID, TYPE, KCAL_BURNED, NAME, VIDEO_ID) VALUES (260, 'F', 12, 'rowing', null);
INSERT INTO Z13.EXERCISES (EXERCISE_ID, TYPE, KCAL_BURNED, NAME, VIDEO_ID) VALUES (261, 'F', 14, 'weighted running', null);
INSERT INTO Z13.EXERCISES (EXERCISE_ID, TYPE, KCAL_BURNED, NAME, VIDEO_ID) VALUES (262, 'F', 10, 'weighted walking', null);
INSERT INTO Z13.EXERCISES (EXERCISE_ID, TYPE, KCAL_BURNED, NAME, VIDEO_ID) VALUES (263, 'F', 11, 'weighted incline walking', null);
INSERT INTO Z13.EXERCISES (EXERCISE_ID, TYPE, KCAL_BURNED, NAME, VIDEO_ID) VALUES (264, 'F', 12, 'weighted jumping jacks', null);
INSERT INTO Z13.EXERCISES (EXERCISE_ID, TYPE, KCAL_BURNED, NAME, VIDEO_ID) VALUES (265, 'F', 10, 'weighted rope skipping', null);
commit;

INSERT INTO Z13.EXERCISES_MUSCLES (ID, EXERCISE_ID, MUSCLE_ID) VALUES (1, 1, 4);
INSERT INTO Z13.EXERCISES_MUSCLES (ID, EXERCISE_ID, MUSCLE_ID) VALUES (2, 1, 6);
INSERT INTO Z13.EXERCISES_MUSCLES (ID, EXERCISE_ID, MUSCLE_ID) VALUES (3, 1, 9);
INSERT INTO Z13.EXERCISES_MUSCLES (ID, EXERCISE_ID, MUSCLE_ID) VALUES (4, 2, 4);
INSERT INTO Z13.EXERCISES_MUSCLES (ID, EXERCISE_ID, MUSCLE_ID) VALUES (5, 2, 6);
INSERT INTO Z13.EXERCISES_MUSCLES (ID, EXERCISE_ID, MUSCLE_ID) VALUES (6, 2, 9);
INSERT INTO Z13.EXERCISES_MUSCLES (ID, EXERCISE_ID, MUSCLE_ID) VALUES (7, 3, 6);
INSERT INTO Z13.EXERCISES_MUSCLES (ID, EXERCISE_ID, MUSCLE_ID) VALUES (8, 3, 9);
INSERT INTO Z13.EXERCISES_MUSCLES (ID, EXERCISE_ID, MUSCLE_ID) VALUES (9, 4, 6);
INSERT INTO Z13.EXERCISES_MUSCLES (ID, EXERCISE_ID, MUSCLE_ID) VALUES (10, 4, 9);
INSERT INTO Z13.EXERCISES_MUSCLES (ID, EXERCISE_ID, MUSCLE_ID) VALUES (11, 5, 9);
INSERT INTO Z13.EXERCISES_MUSCLES (ID, EXERCISE_ID, MUSCLE_ID) VALUES (12, 6, 4);
INSERT INTO Z13.EXERCISES_MUSCLES (ID, EXERCISE_ID, MUSCLE_ID) VALUES (13, 7, 4);
INSERT INTO Z13.EXERCISES_MUSCLES (ID, EXERCISE_ID, MUSCLE_ID) VALUES (14, 7, 6);
INSERT INTO Z13.EXERCISES_MUSCLES (ID, EXERCISE_ID, MUSCLE_ID) VALUES (15, 7, 9);
INSERT INTO Z13.EXERCISES_MUSCLES (ID, EXERCISE_ID, MUSCLE_ID) VALUES (16, 8, 6);
INSERT INTO Z13.EXERCISES_MUSCLES (ID, EXERCISE_ID, MUSCLE_ID) VALUES (17, 9, 9);
INSERT INTO Z13.EXERCISES_MUSCLES (ID, EXERCISE_ID, MUSCLE_ID) VALUES (18, 10, 6);
INSERT INTO Z13.EXERCISES_MUSCLES (ID, EXERCISE_ID, MUSCLE_ID) VALUES (19, 11, 4);
INSERT INTO Z13.EXERCISES_MUSCLES (ID, EXERCISE_ID, MUSCLE_ID) VALUES (20, 11, 6);
INSERT INTO Z13.EXERCISES_MUSCLES (ID, EXERCISE_ID, MUSCLE_ID) VALUES (21, 12, 6);
INSERT INTO Z13.EXERCISES_MUSCLES (ID, EXERCISE_ID, MUSCLE_ID) VALUES (22, 12, 9);
INSERT INTO Z13.EXERCISES_MUSCLES (ID, EXERCISE_ID, MUSCLE_ID) VALUES (23, 13, 9);
INSERT INTO Z13.EXERCISES_MUSCLES (ID, EXERCISE_ID, MUSCLE_ID) VALUES (24, 14, 6);
INSERT INTO Z13.EXERCISES_MUSCLES (ID, EXERCISE_ID, MUSCLE_ID) VALUES (25, 15, 4);
INSERT INTO Z13.EXERCISES_MUSCLES (ID, EXERCISE_ID, MUSCLE_ID) VALUES (26, 15, 6);
INSERT INTO Z13.EXERCISES_MUSCLES (ID, EXERCISE_ID, MUSCLE_ID) VALUES (27, 15, 9);
INSERT INTO Z13.EXERCISES_MUSCLES (ID, EXERCISE_ID, MUSCLE_ID) VALUES (28, 16, 4);
INSERT INTO Z13.EXERCISES_MUSCLES (ID, EXERCISE_ID, MUSCLE_ID) VALUES (29, 16, 6);
INSERT INTO Z13.EXERCISES_MUSCLES (ID, EXERCISE_ID, MUSCLE_ID) VALUES (30, 16, 9);
INSERT INTO Z13.EXERCISES_MUSCLES (ID, EXERCISE_ID, MUSCLE_ID) VALUES (31, 17, 4);
INSERT INTO Z13.EXERCISES_MUSCLES (ID, EXERCISE_ID, MUSCLE_ID) VALUES (32, 17, 6);
INSERT INTO Z13.EXERCISES_MUSCLES (ID, EXERCISE_ID, MUSCLE_ID) VALUES (33, 17, 9);
INSERT INTO Z13.EXERCISES_MUSCLES (ID, EXERCISE_ID, MUSCLE_ID) VALUES (34, 18, 4);
INSERT INTO Z13.EXERCISES_MUSCLES (ID, EXERCISE_ID, MUSCLE_ID) VALUES (35, 18, 6);
INSERT INTO Z13.EXERCISES_MUSCLES (ID, EXERCISE_ID, MUSCLE_ID) VALUES (36, 18, 9);
INSERT INTO Z13.EXERCISES_MUSCLES (ID, EXERCISE_ID, MUSCLE_ID) VALUES (37, 19, 4);
INSERT INTO Z13.EXERCISES_MUSCLES (ID, EXERCISE_ID, MUSCLE_ID) VALUES (38, 19, 6);
INSERT INTO Z13.EXERCISES_MUSCLES (ID, EXERCISE_ID, MUSCLE_ID) VALUES (39, 19, 9);
INSERT INTO Z13.EXERCISES_MUSCLES (ID, EXERCISE_ID, MUSCLE_ID) VALUES (40, 20, 4);
INSERT INTO Z13.EXERCISES_MUSCLES (ID, EXERCISE_ID, MUSCLE_ID) VALUES (41, 21, 5);
INSERT INTO Z13.EXERCISES_MUSCLES (ID, EXERCISE_ID, MUSCLE_ID) VALUES (42, 22, 5);
INSERT INTO Z13.EXERCISES_MUSCLES (ID, EXERCISE_ID, MUSCLE_ID) VALUES (43, 23, 5);
INSERT INTO Z13.EXERCISES_MUSCLES (ID, EXERCISE_ID, MUSCLE_ID) VALUES (44, 23, 7);
INSERT INTO Z13.EXERCISES_MUSCLES (ID, EXERCISE_ID, MUSCLE_ID) VALUES (45, 24, 5);
INSERT INTO Z13.EXERCISES_MUSCLES (ID, EXERCISE_ID, MUSCLE_ID) VALUES (46, 25, 5);
INSERT INTO Z13.EXERCISES_MUSCLES (ID, EXERCISE_ID, MUSCLE_ID) VALUES (47, 25, 7);
INSERT INTO Z13.EXERCISES_MUSCLES (ID, EXERCISE_ID, MUSCLE_ID) VALUES (48, 26, 1);
INSERT INTO Z13.EXERCISES_MUSCLES (ID, EXERCISE_ID, MUSCLE_ID) VALUES (49, 26, 2);
INSERT INTO Z13.EXERCISES_MUSCLES (ID, EXERCISE_ID, MUSCLE_ID) VALUES (50, 26, 3);
INSERT INTO Z13.EXERCISES_MUSCLES (ID, EXERCISE_ID, MUSCLE_ID) VALUES (51, 26, 5);
INSERT INTO Z13.EXERCISES_MUSCLES (ID, EXERCISE_ID, MUSCLE_ID) VALUES (52, 26, 7);
INSERT INTO Z13.EXERCISES_MUSCLES (ID, EXERCISE_ID, MUSCLE_ID) VALUES (53, 26, 8);
INSERT INTO Z13.EXERCISES_MUSCLES (ID, EXERCISE_ID, MUSCLE_ID) VALUES (54, 27, 1);
INSERT INTO Z13.EXERCISES_MUSCLES (ID, EXERCISE_ID, MUSCLE_ID) VALUES (55, 27, 2);
INSERT INTO Z13.EXERCISES_MUSCLES (ID, EXERCISE_ID, MUSCLE_ID) VALUES (56, 27, 3);
INSERT INTO Z13.EXERCISES_MUSCLES (ID, EXERCISE_ID, MUSCLE_ID) VALUES (57, 27, 5);
INSERT INTO Z13.EXERCISES_MUSCLES (ID, EXERCISE_ID, MUSCLE_ID) VALUES (58, 27, 7);
INSERT INTO Z13.EXERCISES_MUSCLES (ID, EXERCISE_ID, MUSCLE_ID) VALUES (59, 27, 8);
INSERT INTO Z13.EXERCISES_MUSCLES (ID, EXERCISE_ID, MUSCLE_ID) VALUES (60, 28, 1);
INSERT INTO Z13.EXERCISES_MUSCLES (ID, EXERCISE_ID, MUSCLE_ID) VALUES (61, 28, 2);
INSERT INTO Z13.EXERCISES_MUSCLES (ID, EXERCISE_ID, MUSCLE_ID) VALUES (62, 28, 3);
INSERT INTO Z13.EXERCISES_MUSCLES (ID, EXERCISE_ID, MUSCLE_ID) VALUES (63, 28, 5);
INSERT INTO Z13.EXERCISES_MUSCLES (ID, EXERCISE_ID, MUSCLE_ID) VALUES (64, 28, 7);
INSERT INTO Z13.EXERCISES_MUSCLES (ID, EXERCISE_ID, MUSCLE_ID) VALUES (65, 28, 8);
INSERT INTO Z13.EXERCISES_MUSCLES (ID, EXERCISE_ID, MUSCLE_ID) VALUES (66, 29, 3);
INSERT INTO Z13.EXERCISES_MUSCLES (ID, EXERCISE_ID, MUSCLE_ID) VALUES (67, 29, 5);
INSERT INTO Z13.EXERCISES_MUSCLES (ID, EXERCISE_ID, MUSCLE_ID) VALUES (68, 29, 7);
INSERT INTO Z13.EXERCISES_MUSCLES (ID, EXERCISE_ID, MUSCLE_ID) VALUES (69, 30, 2);
INSERT INTO Z13.EXERCISES_MUSCLES (ID, EXERCISE_ID, MUSCLE_ID) VALUES (70, 30, 8);
INSERT INTO Z13.EXERCISES_MUSCLES (ID, EXERCISE_ID, MUSCLE_ID) VALUES (71, 31, 2);
INSERT INTO Z13.EXERCISES_MUSCLES (ID, EXERCISE_ID, MUSCLE_ID) VALUES (72, 31, 5);
INSERT INTO Z13.EXERCISES_MUSCLES (ID, EXERCISE_ID, MUSCLE_ID) VALUES (73, 32, 7);
INSERT INTO Z13.EXERCISES_MUSCLES (ID, EXERCISE_ID, MUSCLE_ID) VALUES (74, 33, 7);
INSERT INTO Z13.EXERCISES_MUSCLES (ID, EXERCISE_ID, MUSCLE_ID) VALUES (75, 34, 7);
INSERT INTO Z13.EXERCISES_MUSCLES (ID, EXERCISE_ID, MUSCLE_ID) VALUES (76, 35, 7);
INSERT INTO Z13.EXERCISES_MUSCLES (ID, EXERCISE_ID, MUSCLE_ID) VALUES (77, 36, 5);
INSERT INTO Z13.EXERCISES_MUSCLES (ID, EXERCISE_ID, MUSCLE_ID) VALUES (78, 36, 7);
INSERT INTO Z13.EXERCISES_MUSCLES (ID, EXERCISE_ID, MUSCLE_ID) VALUES (79, 37, 5);
INSERT INTO Z13.EXERCISES_MUSCLES (ID, EXERCISE_ID, MUSCLE_ID) VALUES (80, 37, 7);
INSERT INTO Z13.EXERCISES_MUSCLES (ID, EXERCISE_ID, MUSCLE_ID) VALUES (81, 38, 3);
INSERT INTO Z13.EXERCISES_MUSCLES (ID, EXERCISE_ID, MUSCLE_ID) VALUES (82, 39, 13);
INSERT INTO Z13.EXERCISES_MUSCLES (ID, EXERCISE_ID, MUSCLE_ID) VALUES (83, 39, 14);
INSERT INTO Z13.EXERCISES_MUSCLES (ID, EXERCISE_ID, MUSCLE_ID) VALUES (84, 39, 15);
INSERT INTO Z13.EXERCISES_MUSCLES (ID, EXERCISE_ID, MUSCLE_ID) VALUES (85, 39, 16);
INSERT INTO Z13.EXERCISES_MUSCLES (ID, EXERCISE_ID, MUSCLE_ID) VALUES (86, 39, 17);
INSERT INTO Z13.EXERCISES_MUSCLES (ID, EXERCISE_ID, MUSCLE_ID) VALUES (87, 40, 13);
INSERT INTO Z13.EXERCISES_MUSCLES (ID, EXERCISE_ID, MUSCLE_ID) VALUES (88, 40, 14);
INSERT INTO Z13.EXERCISES_MUSCLES (ID, EXERCISE_ID, MUSCLE_ID) VALUES (89, 40, 15);
INSERT INTO Z13.EXERCISES_MUSCLES (ID, EXERCISE_ID, MUSCLE_ID) VALUES (90, 40, 16);
INSERT INTO Z13.EXERCISES_MUSCLES (ID, EXERCISE_ID, MUSCLE_ID) VALUES (91, 40, 17);
INSERT INTO Z13.EXERCISES_MUSCLES (ID, EXERCISE_ID, MUSCLE_ID) VALUES (92, 41, 13);
INSERT INTO Z13.EXERCISES_MUSCLES (ID, EXERCISE_ID, MUSCLE_ID) VALUES (93, 41, 14);
INSERT INTO Z13.EXERCISES_MUSCLES (ID, EXERCISE_ID, MUSCLE_ID) VALUES (94, 41, 15);
INSERT INTO Z13.EXERCISES_MUSCLES (ID, EXERCISE_ID, MUSCLE_ID) VALUES (95, 41, 16);
INSERT INTO Z13.EXERCISES_MUSCLES (ID, EXERCISE_ID, MUSCLE_ID) VALUES (96, 41, 17);
INSERT INTO Z13.EXERCISES_MUSCLES (ID, EXERCISE_ID, MUSCLE_ID) VALUES (97, 42, 13);
INSERT INTO Z13.EXERCISES_MUSCLES (ID, EXERCISE_ID, MUSCLE_ID) VALUES (98, 42, 14);
INSERT INTO Z13.EXERCISES_MUSCLES (ID, EXERCISE_ID, MUSCLE_ID) VALUES (99, 42, 15);
INSERT INTO Z13.EXERCISES_MUSCLES (ID, EXERCISE_ID, MUSCLE_ID) VALUES (100, 42, 16);
INSERT INTO Z13.EXERCISES_MUSCLES (ID, EXERCISE_ID, MUSCLE_ID) VALUES (101, 42, 17);
INSERT INTO Z13.EXERCISES_MUSCLES (ID, EXERCISE_ID, MUSCLE_ID) VALUES (102, 43, 14);
INSERT INTO Z13.EXERCISES_MUSCLES (ID, EXERCISE_ID, MUSCLE_ID) VALUES (103, 44, 13);
INSERT INTO Z13.EXERCISES_MUSCLES (ID, EXERCISE_ID, MUSCLE_ID) VALUES (104, 45, 16);
INSERT INTO Z13.EXERCISES_MUSCLES (ID, EXERCISE_ID, MUSCLE_ID) VALUES (105, 46, 16);
INSERT INTO Z13.EXERCISES_MUSCLES (ID, EXERCISE_ID, MUSCLE_ID) VALUES (106, 47, 13);
INSERT INTO Z13.EXERCISES_MUSCLES (ID, EXERCISE_ID, MUSCLE_ID) VALUES (107, 47, 14);
INSERT INTO Z13.EXERCISES_MUSCLES (ID, EXERCISE_ID, MUSCLE_ID) VALUES (108, 47, 15);
INSERT INTO Z13.EXERCISES_MUSCLES (ID, EXERCISE_ID, MUSCLE_ID) VALUES (109, 47, 16);
INSERT INTO Z13.EXERCISES_MUSCLES (ID, EXERCISE_ID, MUSCLE_ID) VALUES (110, 47, 17);
INSERT INTO Z13.EXERCISES_MUSCLES (ID, EXERCISE_ID, MUSCLE_ID) VALUES (111, 48, 13);
INSERT INTO Z13.EXERCISES_MUSCLES (ID, EXERCISE_ID, MUSCLE_ID) VALUES (112, 48, 14);
INSERT INTO Z13.EXERCISES_MUSCLES (ID, EXERCISE_ID, MUSCLE_ID) VALUES (113, 48, 15);
INSERT INTO Z13.EXERCISES_MUSCLES (ID, EXERCISE_ID, MUSCLE_ID) VALUES (114, 48, 16);
INSERT INTO Z13.EXERCISES_MUSCLES (ID, EXERCISE_ID, MUSCLE_ID) VALUES (115, 48, 17);
INSERT INTO Z13.EXERCISES_MUSCLES (ID, EXERCISE_ID, MUSCLE_ID) VALUES (116, 51, 13);
INSERT INTO Z13.EXERCISES_MUSCLES (ID, EXERCISE_ID, MUSCLE_ID) VALUES (117, 51, 14);
INSERT INTO Z13.EXERCISES_MUSCLES (ID, EXERCISE_ID, MUSCLE_ID) VALUES (118, 51, 15);
INSERT INTO Z13.EXERCISES_MUSCLES (ID, EXERCISE_ID, MUSCLE_ID) VALUES (119, 51, 16);
INSERT INTO Z13.EXERCISES_MUSCLES (ID, EXERCISE_ID, MUSCLE_ID) VALUES (120, 51, 17);
INSERT INTO Z13.EXERCISES_MUSCLES (ID, EXERCISE_ID, MUSCLE_ID) VALUES (121, 52, 2);
INSERT INTO Z13.EXERCISES_MUSCLES (ID, EXERCISE_ID, MUSCLE_ID) VALUES (122, 52, 3);
INSERT INTO Z13.EXERCISES_MUSCLES (ID, EXERCISE_ID, MUSCLE_ID) VALUES (123, 52, 5);
INSERT INTO Z13.EXERCISES_MUSCLES (ID, EXERCISE_ID, MUSCLE_ID) VALUES (124, 52, 13);
INSERT INTO Z13.EXERCISES_MUSCLES (ID, EXERCISE_ID, MUSCLE_ID) VALUES (125, 52, 14);
INSERT INTO Z13.EXERCISES_MUSCLES (ID, EXERCISE_ID, MUSCLE_ID) VALUES (126, 52, 17);
INSERT INTO Z13.EXERCISES_MUSCLES (ID, EXERCISE_ID, MUSCLE_ID) VALUES (127, 53, 2);
INSERT INTO Z13.EXERCISES_MUSCLES (ID, EXERCISE_ID, MUSCLE_ID) VALUES (128, 53, 3);
INSERT INTO Z13.EXERCISES_MUSCLES (ID, EXERCISE_ID, MUSCLE_ID) VALUES (129, 53, 13);
INSERT INTO Z13.EXERCISES_MUSCLES (ID, EXERCISE_ID, MUSCLE_ID) VALUES (130, 53, 17);
INSERT INTO Z13.EXERCISES_MUSCLES (ID, EXERCISE_ID, MUSCLE_ID) VALUES (131, 54, 2);
INSERT INTO Z13.EXERCISES_MUSCLES (ID, EXERCISE_ID, MUSCLE_ID) VALUES (132, 54, 3);
INSERT INTO Z13.EXERCISES_MUSCLES (ID, EXERCISE_ID, MUSCLE_ID) VALUES (133, 54, 13);
INSERT INTO Z13.EXERCISES_MUSCLES (ID, EXERCISE_ID, MUSCLE_ID) VALUES (134, 54, 14);
INSERT INTO Z13.EXERCISES_MUSCLES (ID, EXERCISE_ID, MUSCLE_ID) VALUES (135, 54, 15);
INSERT INTO Z13.EXERCISES_MUSCLES (ID, EXERCISE_ID, MUSCLE_ID) VALUES (136, 54, 17);
INSERT INTO Z13.EXERCISES_MUSCLES (ID, EXERCISE_ID, MUSCLE_ID) VALUES (137, 55, 2);
INSERT INTO Z13.EXERCISES_MUSCLES (ID, EXERCISE_ID, MUSCLE_ID) VALUES (138, 55, 3);
INSERT INTO Z13.EXERCISES_MUSCLES (ID, EXERCISE_ID, MUSCLE_ID) VALUES (139, 55, 7);
INSERT INTO Z13.EXERCISES_MUSCLES (ID, EXERCISE_ID, MUSCLE_ID) VALUES (140, 55, 16);
INSERT INTO Z13.EXERCISES_MUSCLES (ID, EXERCISE_ID, MUSCLE_ID) VALUES (141, 55, 17);
INSERT INTO Z13.EXERCISES_MUSCLES (ID, EXERCISE_ID, MUSCLE_ID) VALUES (142, 56, 1);
INSERT INTO Z13.EXERCISES_MUSCLES (ID, EXERCISE_ID, MUSCLE_ID) VALUES (143, 56, 2);
INSERT INTO Z13.EXERCISES_MUSCLES (ID, EXERCISE_ID, MUSCLE_ID) VALUES (144, 57, 10);
INSERT INTO Z13.EXERCISES_MUSCLES (ID, EXERCISE_ID, MUSCLE_ID) VALUES (145, 58, 10);
INSERT INTO Z13.EXERCISES_MUSCLES (ID, EXERCISE_ID, MUSCLE_ID) VALUES (146, 59, 10);
INSERT INTO Z13.EXERCISES_MUSCLES (ID, EXERCISE_ID, MUSCLE_ID) VALUES (147, 60, 10);
INSERT INTO Z13.EXERCISES_MUSCLES (ID, EXERCISE_ID, MUSCLE_ID) VALUES (148, 61, 10);
INSERT INTO Z13.EXERCISES_MUSCLES (ID, EXERCISE_ID, MUSCLE_ID) VALUES (149, 61, 11);
INSERT INTO Z13.EXERCISES_MUSCLES (ID, EXERCISE_ID, MUSCLE_ID) VALUES (150, 62, 19);
INSERT INTO Z13.EXERCISES_MUSCLES (ID, EXERCISE_ID, MUSCLE_ID) VALUES (151, 63, 19);
INSERT INTO Z13.EXERCISES_MUSCLES (ID, EXERCISE_ID, MUSCLE_ID) VALUES (152, 64, 2);
INSERT INTO Z13.EXERCISES_MUSCLES (ID, EXERCISE_ID, MUSCLE_ID) VALUES (153, 64, 8);
INSERT INTO Z13.EXERCISES_MUSCLES (ID, EXERCISE_ID, MUSCLE_ID) VALUES (154, 64, 9);
INSERT INTO Z13.EXERCISES_MUSCLES (ID, EXERCISE_ID, MUSCLE_ID) VALUES (155, 65, 2);
INSERT INTO Z13.EXERCISES_MUSCLES (ID, EXERCISE_ID, MUSCLE_ID) VALUES (156, 65, 8);
INSERT INTO Z13.EXERCISES_MUSCLES (ID, EXERCISE_ID, MUSCLE_ID) VALUES (157, 65, 9);
INSERT INTO Z13.EXERCISES_MUSCLES (ID, EXERCISE_ID, MUSCLE_ID) VALUES (158, 66, 10);
INSERT INTO Z13.EXERCISES_MUSCLES (ID, EXERCISE_ID, MUSCLE_ID) VALUES (159, 66, 11);
INSERT INTO Z13.EXERCISES_MUSCLES (ID, EXERCISE_ID, MUSCLE_ID) VALUES (160, 67, 10);
INSERT INTO Z13.EXERCISES_MUSCLES (ID, EXERCISE_ID, MUSCLE_ID) VALUES (161, 67, 11);
INSERT INTO Z13.EXERCISES_MUSCLES (ID, EXERCISE_ID, MUSCLE_ID) VALUES (162, 67, 17);
INSERT INTO Z13.EXERCISES_MUSCLES (ID, EXERCISE_ID, MUSCLE_ID) VALUES (163, 68, 13);
INSERT INTO Z13.EXERCISES_MUSCLES (ID, EXERCISE_ID, MUSCLE_ID) VALUES (164, 68, 14);
INSERT INTO Z13.EXERCISES_MUSCLES (ID, EXERCISE_ID, MUSCLE_ID) VALUES (165, 68, 16);
INSERT INTO Z13.EXERCISES_MUSCLES (ID, EXERCISE_ID, MUSCLE_ID) VALUES (166, 69, 13);
INSERT INTO Z13.EXERCISES_MUSCLES (ID, EXERCISE_ID, MUSCLE_ID) VALUES (167, 69, 14);
INSERT INTO Z13.EXERCISES_MUSCLES (ID, EXERCISE_ID, MUSCLE_ID) VALUES (168, 69, 16);
INSERT INTO Z13.EXERCISES_MUSCLES (ID, EXERCISE_ID, MUSCLE_ID) VALUES (169, 70, 13);
INSERT INTO Z13.EXERCISES_MUSCLES (ID, EXERCISE_ID, MUSCLE_ID) VALUES (170, 70, 14);
INSERT INTO Z13.EXERCISES_MUSCLES (ID, EXERCISE_ID, MUSCLE_ID) VALUES (171, 70, 16);
INSERT INTO Z13.EXERCISES_MUSCLES (ID, EXERCISE_ID, MUSCLE_ID) VALUES (172, 71, 13);
INSERT INTO Z13.EXERCISES_MUSCLES (ID, EXERCISE_ID, MUSCLE_ID) VALUES (173, 71, 14);
INSERT INTO Z13.EXERCISES_MUSCLES (ID, EXERCISE_ID, MUSCLE_ID) VALUES (174, 71, 16);
INSERT INTO Z13.EXERCISES_MUSCLES (ID, EXERCISE_ID, MUSCLE_ID) VALUES (175, 72, 1);
INSERT INTO Z13.EXERCISES_MUSCLES (ID, EXERCISE_ID, MUSCLE_ID) VALUES (176, 72, 2);
INSERT INTO Z13.EXERCISES_MUSCLES (ID, EXERCISE_ID, MUSCLE_ID) VALUES (177, 72, 4);
INSERT INTO Z13.EXERCISES_MUSCLES (ID, EXERCISE_ID, MUSCLE_ID) VALUES (178, 72, 5);
INSERT INTO Z13.EXERCISES_MUSCLES (ID, EXERCISE_ID, MUSCLE_ID) VALUES (179, 72, 6);
INSERT INTO Z13.EXERCISES_MUSCLES (ID, EXERCISE_ID, MUSCLE_ID) VALUES (180, 72, 8);
INSERT INTO Z13.EXERCISES_MUSCLES (ID, EXERCISE_ID, MUSCLE_ID) VALUES (181, 72, 9);
INSERT INTO Z13.EXERCISES_MUSCLES (ID, EXERCISE_ID, MUSCLE_ID) VALUES (182, 72, 10);
INSERT INTO Z13.EXERCISES_MUSCLES (ID, EXERCISE_ID, MUSCLE_ID) VALUES (183, 72, 11);
INSERT INTO Z13.EXERCISES_MUSCLES (ID, EXERCISE_ID, MUSCLE_ID) VALUES (184, 72, 13);
INSERT INTO Z13.EXERCISES_MUSCLES (ID, EXERCISE_ID, MUSCLE_ID) VALUES (185, 72, 14);
INSERT INTO Z13.EXERCISES_MUSCLES (ID, EXERCISE_ID, MUSCLE_ID) VALUES (186, 72, 16);
INSERT INTO Z13.EXERCISES_MUSCLES (ID, EXERCISE_ID, MUSCLE_ID) VALUES (187, 73, 13);
INSERT INTO Z13.EXERCISES_MUSCLES (ID, EXERCISE_ID, MUSCLE_ID) VALUES (188, 73, 14);
INSERT INTO Z13.EXERCISES_MUSCLES (ID, EXERCISE_ID, MUSCLE_ID) VALUES (189, 73, 16);
INSERT INTO Z13.EXERCISES_MUSCLES (ID, EXERCISE_ID, MUSCLE_ID) VALUES (190, 73, 17);
INSERT INTO Z13.EXERCISES_MUSCLES (ID, EXERCISE_ID, MUSCLE_ID) VALUES (191, 74, 2);
INSERT INTO Z13.EXERCISES_MUSCLES (ID, EXERCISE_ID, MUSCLE_ID) VALUES (192, 74, 8);
INSERT INTO Z13.EXERCISES_MUSCLES (ID, EXERCISE_ID, MUSCLE_ID) VALUES (193, 74, 14);
INSERT INTO Z13.EXERCISES_MUSCLES (ID, EXERCISE_ID, MUSCLE_ID) VALUES (194, 74, 16);
INSERT INTO Z13.EXERCISES_MUSCLES (ID, EXERCISE_ID, MUSCLE_ID) VALUES (195, 75, 15);
INSERT INTO Z13.EXERCISES_MUSCLES (ID, EXERCISE_ID, MUSCLE_ID) VALUES (196, 75, 17);
INSERT INTO Z13.EXERCISES_MUSCLES (ID, EXERCISE_ID, MUSCLE_ID) VALUES (197, 76, 12);
INSERT INTO Z13.EXERCISES_MUSCLES (ID, EXERCISE_ID, MUSCLE_ID) VALUES (198, 76, 17);
INSERT INTO Z13.EXERCISES_MUSCLES (ID, EXERCISE_ID, MUSCLE_ID) VALUES (199, 77, 1);
INSERT INTO Z13.EXERCISES_MUSCLES (ID, EXERCISE_ID, MUSCLE_ID) VALUES (200, 77, 2);
INSERT INTO Z13.EXERCISES_MUSCLES (ID, EXERCISE_ID, MUSCLE_ID) VALUES (201, 77, 3);
INSERT INTO Z13.EXERCISES_MUSCLES (ID, EXERCISE_ID, MUSCLE_ID) VALUES (202, 77, 5);
INSERT INTO Z13.EXERCISES_MUSCLES (ID, EXERCISE_ID, MUSCLE_ID) VALUES (203, 77, 7);
INSERT INTO Z13.EXERCISES_MUSCLES (ID, EXERCISE_ID, MUSCLE_ID) VALUES (258, 168, 14);
INSERT INTO Z13.EXERCISES_MUSCLES (ID, EXERCISE_ID, MUSCLE_ID) VALUES (259, 168, 13);
INSERT INTO Z13.EXERCISES_MUSCLES (ID, EXERCISE_ID, MUSCLE_ID) VALUES (260, 168, 16);
INSERT INTO Z13.EXERCISES_MUSCLES (ID, EXERCISE_ID, MUSCLE_ID) VALUES (261, 168, 17);
INSERT INTO Z13.EXERCISES_MUSCLES (ID, EXERCISE_ID, MUSCLE_ID) VALUES (262, 169, 14);
INSERT INTO Z13.EXERCISES_MUSCLES (ID, EXERCISE_ID, MUSCLE_ID) VALUES (263, 169, 13);
INSERT INTO Z13.EXERCISES_MUSCLES (ID, EXERCISE_ID, MUSCLE_ID) VALUES (264, 169, 17);
INSERT INTO Z13.EXERCISES_MUSCLES (ID, EXERCISE_ID, MUSCLE_ID) VALUES (265, 169, 10);
INSERT INTO Z13.EXERCISES_MUSCLES (ID, EXERCISE_ID, MUSCLE_ID) VALUES (266, 170, 4);
INSERT INTO Z13.EXERCISES_MUSCLES (ID, EXERCISE_ID, MUSCLE_ID) VALUES (267, 170, 6);
INSERT INTO Z13.EXERCISES_MUSCLES (ID, EXERCISE_ID, MUSCLE_ID) VALUES (268, 170, 14);
INSERT INTO Z13.EXERCISES_MUSCLES (ID, EXERCISE_ID, MUSCLE_ID) VALUES (269, 170, 13);
INSERT INTO Z13.EXERCISES_MUSCLES (ID, EXERCISE_ID, MUSCLE_ID) VALUES (270, 170, 10);
INSERT INTO Z13.EXERCISES_MUSCLES (ID, EXERCISE_ID, MUSCLE_ID) VALUES (271, 170, 9);
INSERT INTO Z13.EXERCISES_MUSCLES (ID, EXERCISE_ID, MUSCLE_ID) VALUES (272, 171, 16);
INSERT INTO Z13.EXERCISES_MUSCLES (ID, EXERCISE_ID, MUSCLE_ID) VALUES (273, 171, 14);
INSERT INTO Z13.EXERCISES_MUSCLES (ID, EXERCISE_ID, MUSCLE_ID) VALUES (274, 171, 13);
INSERT INTO Z13.EXERCISES_MUSCLES (ID, EXERCISE_ID, MUSCLE_ID) VALUES (275, 171, 10);
INSERT INTO Z13.EXERCISES_MUSCLES (ID, EXERCISE_ID, MUSCLE_ID) VALUES (276, 171, 7);
INSERT INTO Z13.EXERCISES_MUSCLES (ID, EXERCISE_ID, MUSCLE_ID) VALUES (277, 171, 17);
INSERT INTO Z13.EXERCISES_MUSCLES (ID, EXERCISE_ID, MUSCLE_ID) VALUES (340, 172, 7);
INSERT INTO Z13.EXERCISES_MUSCLES (ID, EXERCISE_ID, MUSCLE_ID) VALUES (341, 172, 8);
INSERT INTO Z13.EXERCISES_MUSCLES (ID, EXERCISE_ID, MUSCLE_ID) VALUES (342, 172, 3);
INSERT INTO Z13.EXERCISES_MUSCLES (ID, EXERCISE_ID, MUSCLE_ID) VALUES (343, 172, 16);
INSERT INTO Z13.EXERCISES_MUSCLES (ID, EXERCISE_ID, MUSCLE_ID) VALUES (344, 174, 5);
INSERT INTO Z13.EXERCISES_MUSCLES (ID, EXERCISE_ID, MUSCLE_ID) VALUES (345, 174, 2);
INSERT INTO Z13.EXERCISES_MUSCLES (ID, EXERCISE_ID, MUSCLE_ID) VALUES (346, 174, 10);
INSERT INTO Z13.EXERCISES_MUSCLES (ID, EXERCISE_ID, MUSCLE_ID) VALUES (347, 175, 5);
INSERT INTO Z13.EXERCISES_MUSCLES (ID, EXERCISE_ID, MUSCLE_ID) VALUES (348, 175, 2);
INSERT INTO Z13.EXERCISES_MUSCLES (ID, EXERCISE_ID, MUSCLE_ID) VALUES (349, 176, 5);
INSERT INTO Z13.EXERCISES_MUSCLES (ID, EXERCISE_ID, MUSCLE_ID) VALUES (350, 176, 2);
INSERT INTO Z13.EXERCISES_MUSCLES (ID, EXERCISE_ID, MUSCLE_ID) VALUES (351, 176, 10);
INSERT INTO Z13.EXERCISES_MUSCLES (ID, EXERCISE_ID, MUSCLE_ID) VALUES (352, 177, 5);
INSERT INTO Z13.EXERCISES_MUSCLES (ID, EXERCISE_ID, MUSCLE_ID) VALUES (353, 177, 2);
INSERT INTO Z13.EXERCISES_MUSCLES (ID, EXERCISE_ID, MUSCLE_ID) VALUES (354, 177, 10);
INSERT INTO Z13.EXERCISES_MUSCLES (ID, EXERCISE_ID, MUSCLE_ID) VALUES (355, 178, 5);
INSERT INTO Z13.EXERCISES_MUSCLES (ID, EXERCISE_ID, MUSCLE_ID) VALUES (356, 178, 2);
INSERT INTO Z13.EXERCISES_MUSCLES (ID, EXERCISE_ID, MUSCLE_ID) VALUES (357, 178, 10);
INSERT INTO Z13.EXERCISES_MUSCLES (ID, EXERCISE_ID, MUSCLE_ID) VALUES (358, 179, 14);
INSERT INTO Z13.EXERCISES_MUSCLES (ID, EXERCISE_ID, MUSCLE_ID) VALUES (359, 179, 13);
INSERT INTO Z13.EXERCISES_MUSCLES (ID, EXERCISE_ID, MUSCLE_ID) VALUES (360, 179, 10);
INSERT INTO Z13.EXERCISES_MUSCLES (ID, EXERCISE_ID, MUSCLE_ID) VALUES (361, 179, 16);
INSERT INTO Z13.EXERCISES_MUSCLES (ID, EXERCISE_ID, MUSCLE_ID) VALUES (401, 50, 13);
INSERT INTO Z13.EXERCISES_MUSCLES (ID, EXERCISE_ID, MUSCLE_ID) VALUES (402, 50, 14);
INSERT INTO Z13.EXERCISES_MUSCLES (ID, EXERCISE_ID, MUSCLE_ID) VALUES (403, 50, 16);
INSERT INTO Z13.EXERCISES_MUSCLES (ID, EXERCISE_ID, MUSCLE_ID) VALUES (404, 50, 17);
INSERT INTO Z13.EXERCISES_MUSCLES (ID, EXERCISE_ID, MUSCLE_ID) VALUES (405, 302, 13);
INSERT INTO Z13.EXERCISES_MUSCLES (ID, EXERCISE_ID, MUSCLE_ID) VALUES (406, 302, 14);
INSERT INTO Z13.EXERCISES_MUSCLES (ID, EXERCISE_ID, MUSCLE_ID) VALUES (407, 302, 16);
INSERT INTO Z13.EXERCISES_MUSCLES (ID, EXERCISE_ID, MUSCLE_ID) VALUES (309, 259, 10);
INSERT INTO Z13.EXERCISES_MUSCLES (ID, EXERCISE_ID, MUSCLE_ID) VALUES (310, 259, 11);
INSERT INTO Z13.EXERCISES_MUSCLES (ID, EXERCISE_ID, MUSCLE_ID) VALUES (311, 259, 14);
INSERT INTO Z13.EXERCISES_MUSCLES (ID, EXERCISE_ID, MUSCLE_ID) VALUES (312, 259, 16);
INSERT INTO Z13.EXERCISES_MUSCLES (ID, EXERCISE_ID, MUSCLE_ID) VALUES (313, 259, 17);
INSERT INTO Z13.EXERCISES_MUSCLES (ID, EXERCISE_ID, MUSCLE_ID) VALUES (314, 260, 1);
INSERT INTO Z13.EXERCISES_MUSCLES (ID, EXERCISE_ID, MUSCLE_ID) VALUES (315, 260, 2);
INSERT INTO Z13.EXERCISES_MUSCLES (ID, EXERCISE_ID, MUSCLE_ID) VALUES (316, 260, 3);
INSERT INTO Z13.EXERCISES_MUSCLES (ID, EXERCISE_ID, MUSCLE_ID) VALUES (317, 260, 6);
INSERT INTO Z13.EXERCISES_MUSCLES (ID, EXERCISE_ID, MUSCLE_ID) VALUES (318, 260, 13);
INSERT INTO Z13.EXERCISES_MUSCLES (ID, EXERCISE_ID, MUSCLE_ID) VALUES (319, 261, 10);
INSERT INTO Z13.EXERCISES_MUSCLES (ID, EXERCISE_ID, MUSCLE_ID) VALUES (320, 261, 11);
INSERT INTO Z13.EXERCISES_MUSCLES (ID, EXERCISE_ID, MUSCLE_ID) VALUES (321, 261, 14);
INSERT INTO Z13.EXERCISES_MUSCLES (ID, EXERCISE_ID, MUSCLE_ID) VALUES (322, 261, 16);
INSERT INTO Z13.EXERCISES_MUSCLES (ID, EXERCISE_ID, MUSCLE_ID) VALUES (323, 261, 17);
INSERT INTO Z13.EXERCISES_MUSCLES (ID, EXERCISE_ID, MUSCLE_ID) VALUES (324, 262, 10);
INSERT INTO Z13.EXERCISES_MUSCLES (ID, EXERCISE_ID, MUSCLE_ID) VALUES (325, 262, 14);
INSERT INTO Z13.EXERCISES_MUSCLES (ID, EXERCISE_ID, MUSCLE_ID) VALUES (326, 262, 16);
INSERT INTO Z13.EXERCISES_MUSCLES (ID, EXERCISE_ID, MUSCLE_ID) VALUES (327, 262, 17);
INSERT INTO Z13.EXERCISES_MUSCLES (ID, EXERCISE_ID, MUSCLE_ID) VALUES (328, 263, 10);
INSERT INTO Z13.EXERCISES_MUSCLES (ID, EXERCISE_ID, MUSCLE_ID) VALUES (329, 263, 14);
INSERT INTO Z13.EXERCISES_MUSCLES (ID, EXERCISE_ID, MUSCLE_ID) VALUES (330, 263, 16);
INSERT INTO Z13.EXERCISES_MUSCLES (ID, EXERCISE_ID, MUSCLE_ID) VALUES (331, 263, 17);
INSERT INTO Z13.EXERCISES_MUSCLES (ID, EXERCISE_ID, MUSCLE_ID) VALUES (332, 264, 10);
INSERT INTO Z13.EXERCISES_MUSCLES (ID, EXERCISE_ID, MUSCLE_ID) VALUES (333, 264, 14);
INSERT INTO Z13.EXERCISES_MUSCLES (ID, EXERCISE_ID, MUSCLE_ID) VALUES (334, 264, 16);
INSERT INTO Z13.EXERCISES_MUSCLES (ID, EXERCISE_ID, MUSCLE_ID) VALUES (335, 264, 17);
INSERT INTO Z13.EXERCISES_MUSCLES (ID, EXERCISE_ID, MUSCLE_ID) VALUES (336, 265, 10);
INSERT INTO Z13.EXERCISES_MUSCLES (ID, EXERCISE_ID, MUSCLE_ID) VALUES (337, 265, 14);
INSERT INTO Z13.EXERCISES_MUSCLES (ID, EXERCISE_ID, MUSCLE_ID) VALUES (338, 265, 16);
INSERT INTO Z13.EXERCISES_MUSCLES (ID, EXERCISE_ID, MUSCLE_ID) VALUES (339, 265, 17);
INSERT INTO Z13.EXERCISES_MUSCLES (ID, EXERCISE_ID, MUSCLE_ID) VALUES (408, 302, 17);
commit;