REM INSERTING into Z13.ACTIVITIES
SET DEFINE OFF;
Insert into Z13.ACTIVITIES (ACTIVITY_ID,EXERCISE_ID,REPS,WEIGHT,DURATION,WORKOUT_ID) values ('309','7','12','12',to_timestamp('25/01/19 00:00:00,000000000','RR/MM/DD HH24:MI:SSXFF'),'97');
Insert into Z13.ACTIVITIES (ACTIVITY_ID,EXERCISE_ID,REPS,WEIGHT,DURATION,WORKOUT_ID) values ('304','7','123','132',to_timestamp('25/01/19 00:00:00,000000000','RR/MM/DD HH24:MI:SSXFF'),'90');
Insert into Z13.ACTIVITIES (ACTIVITY_ID,EXERCISE_ID,REPS,WEIGHT,DURATION,WORKOUT_ID) values ('247','73','0','0',to_timestamp('25/01/16 02:00:00,000000000','RR/MM/DD HH24:MI:SSXFF'),'70');
Insert into Z13.ACTIVITIES (ACTIVITY_ID,EXERCISE_ID,REPS,WEIGHT,DURATION,WORKOUT_ID) values ('248','72','0','0',to_timestamp('25/01/16 01:00:00,000000000','RR/MM/DD HH24:MI:SSXFF'),'70');
Insert into Z13.ACTIVITIES (ACTIVITY_ID,EXERCISE_ID,REPS,WEIGHT,DURATION,WORKOUT_ID) values ('249','20','40','60',to_timestamp('25/01/16 00:00:00,000000000','RR/MM/DD HH24:MI:SSXFF'),'70');
Insert into Z13.ACTIVITIES (ACTIVITY_ID,EXERCISE_ID,REPS,WEIGHT,DURATION,WORKOUT_ID) values ('250','14','30','40',to_timestamp('25/01/16 00:00:00,000000000','RR/MM/DD HH24:MI:SSXFF'),'70');
Insert into Z13.ACTIVITIES (ACTIVITY_ID,EXERCISE_ID,REPS,WEIGHT,DURATION,WORKOUT_ID) values ('251','39','30','20',to_timestamp('25/01/16 00:00:00,000000000','RR/MM/DD HH24:MI:SSXFF'),'70');
Insert into Z13.ACTIVITIES (ACTIVITY_ID,EXERCISE_ID,REPS,WEIGHT,DURATION,WORKOUT_ID) values ('252','54','20','200',to_timestamp('25/01/16 00:00:00,000000000','RR/MM/DD HH24:MI:SSXFF'),'71');
Insert into Z13.ACTIVITIES (ACTIVITY_ID,EXERCISE_ID,REPS,WEIGHT,DURATION,WORKOUT_ID) values ('253','261','0','50',to_timestamp('25/01/16 00:10:00,000000000','RR/MM/DD HH24:MI:SSXFF'),'71');
Insert into Z13.ACTIVITIES (ACTIVITY_ID,EXERCISE_ID,REPS,WEIGHT,DURATION,WORKOUT_ID) values ('254','262','0','100',to_timestamp('25/01/16 00:30:00,000000000','RR/MM/DD HH24:MI:SSXFF'),'72');
Insert into Z13.ACTIVITIES (ACTIVITY_ID,EXERCISE_ID,REPS,WEIGHT,DURATION,WORKOUT_ID) values ('255','1','12','60',to_timestamp('25/01/16 00:00:00,000000000','RR/MM/DD HH24:MI:SSXFF'),'72');
Insert into Z13.ACTIVITIES (ACTIVITY_ID,EXERCISE_ID,REPS,WEIGHT,DURATION,WORKOUT_ID) values ('256','1','12','60',to_timestamp('25/01/16 00:00:00,000000000','RR/MM/DD HH24:MI:SSXFF'),'72');
Insert into Z13.ACTIVITIES (ACTIVITY_ID,EXERCISE_ID,REPS,WEIGHT,DURATION,WORKOUT_ID) values ('257','1','12','60',to_timestamp('25/01/16 00:00:00,000000000','RR/MM/DD HH24:MI:SSXFF'),'72');
Insert into Z13.ACTIVITIES (ACTIVITY_ID,EXERCISE_ID,REPS,WEIGHT,DURATION,WORKOUT_ID) values ('258','8','10','50',to_timestamp('25/01/16 00:00:00,000000000','RR/MM/DD HH24:MI:SSXFF'),'72');
Insert into Z13.ACTIVITIES (ACTIVITY_ID,EXERCISE_ID,REPS,WEIGHT,DURATION,WORKOUT_ID) values ('259','8','10','55',to_timestamp('25/01/16 00:00:00,000000000','RR/MM/DD HH24:MI:SSXFF'),'72');
Insert into Z13.ACTIVITIES (ACTIVITY_ID,EXERCISE_ID,REPS,WEIGHT,DURATION,WORKOUT_ID) values ('260','6','12','40',to_timestamp('25/01/16 00:00:00,000000000','RR/MM/DD HH24:MI:SSXFF'),'2');
Insert into Z13.ACTIVITIES (ACTIVITY_ID,EXERCISE_ID,REPS,WEIGHT,DURATION,WORKOUT_ID) values ('261','64','15','50',to_timestamp('25/01/16 00:00:00,000000000','RR/MM/DD HH24:MI:SSXFF'),'6');
Insert into Z13.ACTIVITIES (ACTIVITY_ID,EXERCISE_ID,REPS,WEIGHT,DURATION,WORKOUT_ID) values ('310','66','0','0',to_timestamp('25/01/19 12:00:00,000000000','RR/MM/DD HH24:MI:SSXFF'),'97');
Insert into Z13.ACTIVITIES (ACTIVITY_ID,EXERCISE_ID,REPS,WEIGHT,DURATION,WORKOUT_ID) values ('302','73','0','0',to_timestamp('25/01/18 12:00:00,000000000','RR/MM/DD HH24:MI:SSXFF'),'82');
Insert into Z13.ACTIVITIES (ACTIVITY_ID,EXERCISE_ID,REPS,WEIGHT,DURATION,WORKOUT_ID) values ('307','7','12','12',to_timestamp('25/01/19 00:00:00,000000000','RR/MM/DD HH24:MI:SSXFF'),'96');
Insert into Z13.ACTIVITIES (ACTIVITY_ID,EXERCISE_ID,REPS,WEIGHT,DURATION,WORKOUT_ID) values ('265','21','20','40',to_timestamp('24/12/01 00:00:00,000000000','RR/MM/DD HH24:MI:SSXFF'),'71');
Insert into Z13.ACTIVITIES (ACTIVITY_ID,EXERCISE_ID,REPS,WEIGHT,DURATION,WORKOUT_ID) values ('266','21','16','40',to_timestamp('24/12/01 00:00:00,000000000','RR/MM/DD HH24:MI:SSXFF'),'71');
Insert into Z13.ACTIVITIES (ACTIVITY_ID,EXERCISE_ID,REPS,WEIGHT,DURATION,WORKOUT_ID) values ('267','21','12','40',to_timestamp('24/12/01 00:00:00,000000000','RR/MM/DD HH24:MI:SSXFF'),'71');
Insert into Z13.ACTIVITIES (ACTIVITY_ID,EXERCISE_ID,REPS,WEIGHT,DURATION,WORKOUT_ID) values ('268','21','8','40',to_timestamp('24/12/01 00:00:00,000000000','RR/MM/DD HH24:MI:SSXFF'),'71');
Insert into Z13.ACTIVITIES (ACTIVITY_ID,EXERCISE_ID,REPS,WEIGHT,DURATION,WORKOUT_ID) values ('269','21','5','40',to_timestamp('24/12/01 00:00:00,000000000','RR/MM/DD HH24:MI:SSXFF'),'71');
Insert into Z13.ACTIVITIES (ACTIVITY_ID,EXERCISE_ID,REPS,WEIGHT,DURATION,WORKOUT_ID) values ('270','23','12','15',to_timestamp('24/12/01 00:00:00,000000000','RR/MM/DD HH24:MI:SSXFF'),'71');
Insert into Z13.ACTIVITIES (ACTIVITY_ID,EXERCISE_ID,REPS,WEIGHT,DURATION,WORKOUT_ID) values ('271','23','10','15',to_timestamp('24/12/01 00:00:00,000000000','RR/MM/DD HH24:MI:SSXFF'),'71');
Insert into Z13.ACTIVITIES (ACTIVITY_ID,EXERCISE_ID,REPS,WEIGHT,DURATION,WORKOUT_ID) values ('308','66','0','0',to_timestamp('25/01/19 12:00:00,000000000','RR/MM/DD HH24:MI:SSXFF'),'96');
Insert into Z13.ACTIVITIES (ACTIVITY_ID,EXERCISE_ID,REPS,WEIGHT,DURATION,WORKOUT_ID) values ('311','66','0','0',to_timestamp('25/01/19 12:00:00,000000000','RR/MM/DD HH24:MI:SSXFF'),'98');
Insert into Z13.ACTIVITIES (ACTIVITY_ID,EXERCISE_ID,REPS,WEIGHT,DURATION,WORKOUT_ID) values ('312','173','0','234234',to_timestamp('25/01/19 23:42:34,000000000','RR/MM/DD HH24:MI:SSXFF'),'98');
Insert into Z13.ACTIVITIES (ACTIVITY_ID,EXERCISE_ID,REPS,WEIGHT,DURATION,WORKOUT_ID) values ('31','21','20','40',to_timestamp('24/12/01 00:00:00,000000000','RR/MM/DD HH24:MI:SSXFF'),'3');
Insert into Z13.ACTIVITIES (ACTIVITY_ID,EXERCISE_ID,REPS,WEIGHT,DURATION,WORKOUT_ID) values ('32','21','16','40',to_timestamp('24/12/01 00:00:00,000000000','RR/MM/DD HH24:MI:SSXFF'),'3');
Insert into Z13.ACTIVITIES (ACTIVITY_ID,EXERCISE_ID,REPS,WEIGHT,DURATION,WORKOUT_ID) values ('33','21','12','40',to_timestamp('24/12/01 00:00:00,000000000','RR/MM/DD HH24:MI:SSXFF'),'3');
Insert into Z13.ACTIVITIES (ACTIVITY_ID,EXERCISE_ID,REPS,WEIGHT,DURATION,WORKOUT_ID) values ('34','21','8','40',to_timestamp('24/12/01 00:00:00,000000000','RR/MM/DD HH24:MI:SSXFF'),'3');
Insert into Z13.ACTIVITIES (ACTIVITY_ID,EXERCISE_ID,REPS,WEIGHT,DURATION,WORKOUT_ID) values ('35','21','5','40',to_timestamp('24/12/01 00:00:00,000000000','RR/MM/DD HH24:MI:SSXFF'),'3');
Insert into Z13.ACTIVITIES (ACTIVITY_ID,EXERCISE_ID,REPS,WEIGHT,DURATION,WORKOUT_ID) values ('36','23','12','15',to_timestamp('24/12/01 00:00:00,000000000','RR/MM/DD HH24:MI:SSXFF'),'3');
Insert into Z13.ACTIVITIES (ACTIVITY_ID,EXERCISE_ID,REPS,WEIGHT,DURATION,WORKOUT_ID) values ('37','23','10','15',to_timestamp('24/12/01 00:00:00,000000000','RR/MM/DD HH24:MI:SSXFF'),'3');
Insert into Z13.ACTIVITIES (ACTIVITY_ID,EXERCISE_ID,REPS,WEIGHT,DURATION,WORKOUT_ID) values ('38','23','8','15',to_timestamp('24/12/01 00:00:00,000000000','RR/MM/DD HH24:MI:SSXFF'),'3');
Insert into Z13.ACTIVITIES (ACTIVITY_ID,EXERCISE_ID,REPS,WEIGHT,DURATION,WORKOUT_ID) values ('39','29','10','0',to_timestamp('24/12/01 00:00:00,000000000','RR/MM/DD HH24:MI:SSXFF'),'3');
Insert into Z13.ACTIVITIES (ACTIVITY_ID,EXERCISE_ID,REPS,WEIGHT,DURATION,WORKOUT_ID) values ('40','29','8','0',to_timestamp('24/12/01 00:00:00,000000000','RR/MM/DD HH24:MI:SSXFF'),'3');
Insert into Z13.ACTIVITIES (ACTIVITY_ID,EXERCISE_ID,REPS,WEIGHT,DURATION,WORKOUT_ID) values ('41','29','2','15',to_timestamp('24/12/01 00:00:00,000000000','RR/MM/DD HH24:MI:SSXFF'),'3');
Insert into Z13.ACTIVITIES (ACTIVITY_ID,EXERCISE_ID,REPS,WEIGHT,DURATION,WORKOUT_ID) values ('313','1','123','24342',to_timestamp('25/01/19 00:00:00,000000000','RR/MM/DD HH24:MI:SSXFF'),'54');
Insert into Z13.ACTIVITIES (ACTIVITY_ID,EXERCISE_ID,REPS,WEIGHT,DURATION,WORKOUT_ID) values ('234','73','0','0',to_timestamp('25/01/16 23:42:02,000000000','RR/MM/DD HH24:MI:SSXFF'),'54');
Insert into Z13.ACTIVITIES (ACTIVITY_ID,EXERCISE_ID,REPS,WEIGHT,DURATION,WORKOUT_ID) values ('314','173','0','234',to_timestamp('25/01/19 23:42:43,000000000','RR/MM/DD HH24:MI:SSXFF'),'54');
Insert into Z13.ACTIVITIES (ACTIVITY_ID,EXERCISE_ID,REPS,WEIGHT,DURATION,WORKOUT_ID) values ('196','66','0','0',to_timestamp('25/01/15 04:12:24,000000000','RR/MM/DD HH24:MI:SSXFF'),'48');
Insert into Z13.ACTIVITIES (ACTIVITY_ID,EXERCISE_ID,REPS,WEIGHT,DURATION,WORKOUT_ID) values ('243','168','0','0',to_timestamp('25/01/16 12:31:01,000000000','RR/MM/DD HH24:MI:SSXFF'),'68');
REM INSERTING into Z13.EXERCISES
SET DEFINE OFF;
Insert into Z13.EXERCISES (EXERCISE_ID, TYPE, KCAL_BURNED, NAME, VIDEO_ID) VALUES (1, 'S', 0, 'barbell bench press', 'EeE3f4VWFDo');
Insert into Z13.EXERCISES (EXERCISE_ID, TYPE, KCAL_BURNED, NAME, VIDEO_ID) VALUES (2, 'S', 0, 'dumbbell bench press', 'YQ2s_Y7g5Qk');
Insert into Z13.EXERCISES (EXERCISE_ID, TYPE, KCAL_BURNED, NAME, VIDEO_ID) VALUES (3, 'S', 0, 'barbell shoulder press', 'EeE3f4VWFDo');
Insert into Z13.EXERCISES (EXERCISE_ID, TYPE, KCAL_BURNED, NAME, VIDEO_ID) VALUES (4, 'S', 0, 'dumbbell shoulder press', 'HzIiNhHhhtA');
Insert into Z13.EXERCISES (EXERCISE_ID, TYPE, KCAL_BURNED, NAME, VIDEO_ID) VALUES (5, 'S', 0, 'dumbbell lateral raise', 'OuG1smZTsQQ');
Insert into Z13.EXERCISES (EXERCISE_ID, TYPE, KCAL_BURNED, NAME, VIDEO_ID) VALUES (6, 'S', 0, 'dumbbell chest fly', 'JFm8KbhjibM');
Insert into Z13.EXERCISES (EXERCISE_ID, TYPE, KCAL_BURNED, NAME, VIDEO_ID) VALUES (7, 'S', 0, 'dip', '4LA1kF7yCGo');
Insert into Z13.EXERCISES (EXERCISE_ID, TYPE, KCAL_BURNED, NAME, VIDEO_ID) VALUES (8, 'S', 0, 'cable tricep pushdown', '6Fzep104f0s');
Insert into Z13.EXERCISES (EXERCISE_ID, TYPE, KCAL_BURNED, NAME, VIDEO_ID) VALUES (9, 'S', 0, 'dumbbell frontal raise', 'hRJ6tR5-if0');
Insert into Z13.EXERCISES (EXERCISE_ID, TYPE, KCAL_BURNED, NAME, VIDEO_ID) VALUES (10, 'S', 0, 'dumbbell skull crushers', 'jPjhQ2hsAds');
Insert into Z13.EXERCISES (EXERCISE_ID, TYPE, KCAL_BURNED, NAME, VIDEO_ID) VALUES (11, 'S', 0, 'machine chest press', 'NwzUje3z0qY');
Insert into Z13.EXERCISES (EXERCISE_ID, TYPE, KCAL_BURNED, NAME, VIDEO_ID) VALUES (12, 'S', 0, 'machine shoulder press', 'WvLMauqrnK8');
Insert into Z13.EXERCISES (EXERCISE_ID, TYPE, KCAL_BURNED, NAME, VIDEO_ID) VALUES (13, 'S', 0, 'machine lateral raise', '0o07iGKUarI');
Insert into Z13.EXERCISES (EXERCISE_ID, TYPE, KCAL_BURNED, NAME, VIDEO_ID) VALUES (14, 'S', 0, 'machine tricep extension', 'Bx8ga1BLHLE');
Insert into Z13.EXERCISES (EXERCISE_ID, TYPE, KCAL_BURNED, NAME, VIDEO_ID) VALUES (15, 'S', 0, 'push up', 'mm6_WcoCVTA');
Insert into Z13.EXERCISES (EXERCISE_ID, TYPE, KCAL_BURNED, NAME, VIDEO_ID) VALUES (16, 'S', 0, 'incline barbell bench press', 'lJ2o89kcnxY');
Insert into Z13.EXERCISES (EXERCISE_ID, TYPE, KCAL_BURNED, NAME, VIDEO_ID) VALUES (17, 'S', 0, 'incline dumbbell bench press', '5CECBjd7HLQ');
Insert into Z13.EXERCISES (EXERCISE_ID, TYPE, KCAL_BURNED, NAME, VIDEO_ID) VALUES (18, 'S', 0, 'decline barbell bench press', 'UH3w618WAAc');
Insert into Z13.EXERCISES (EXERCISE_ID, TYPE, KCAL_BURNED, NAME, VIDEO_ID) VALUES (19, 'S', 0, 'decline dumbbell bench press', '4R_GwRhG0rY');
Insert into Z13.EXERCISES (EXERCISE_ID, TYPE, KCAL_BURNED, NAME, VIDEO_ID) VALUES (20, 'S', 0, 'machine chest fly', 'FDay9wFe5uE');
Insert into Z13.EXERCISES (EXERCISE_ID, TYPE, KCAL_BURNED, NAME, VIDEO_ID) VALUES (21, 'S', 0, 'barbell bicep curl', 'JnLFSFurrqQ');
Insert into Z13.EXERCISES (EXERCISE_ID, TYPE, KCAL_BURNED, NAME, VIDEO_ID) VALUES (22, 'S', 0, 'dumbbell bicep  curl', 'iixND1P2lik');
Insert into Z13.EXERCISES (EXERCISE_ID, TYPE, KCAL_BURNED, NAME, VIDEO_ID) VALUES (23, 'S', 0, 'bicep hammer curl', 'XOEL4MgekYE');
Insert into Z13.EXERCISES (EXERCISE_ID, TYPE, KCAL_BURNED, NAME, VIDEO_ID) VALUES (24, 'S', 0, 'machine bicep curl', 'Ja6ZlIDONac');
Insert into Z13.EXERCISES (EXERCISE_ID, TYPE, KCAL_BURNED, NAME, VIDEO_ID) VALUES (25, 'S', 0, 'machine bicep hammer curl', 'Ja6ZlIDONac');
Insert into Z13.EXERCISES (EXERCISE_ID, TYPE, KCAL_BURNED, NAME, VIDEO_ID) VALUES (26, 'S', 0, 'barbell row', '6FZHJGzMFEc');
Insert into Z13.EXERCISES (EXERCISE_ID, TYPE, KCAL_BURNED, NAME, VIDEO_ID) VALUES (27, 'S', 0, 'dumbbell row', 'DMo3HJoawrU');
Insert into Z13.EXERCISES (EXERCISE_ID, TYPE, KCAL_BURNED, NAME, VIDEO_ID) VALUES (28, 'S', 0, 'cable row', 'UCXxvVItLoM');
Insert into Z13.EXERCISES (EXERCISE_ID, TYPE, KCAL_BURNED, NAME, VIDEO_ID) VALUES (29, 'S', 0, 'pull up', 'GRgWPT9XSQQ');
Insert into Z13.EXERCISES (EXERCISE_ID, TYPE, KCAL_BURNED, NAME, VIDEO_ID) VALUES (30, 'S', 0, 'cable face pull', '-MODnZdnmAQ');
Insert into Z13.EXERCISES (EXERCISE_ID, TYPE, KCAL_BURNED, NAME, VIDEO_ID) VALUES (31, 'S', 0, 'chin up', '9JC1EwqezGY');
Insert into Z13.EXERCISES (EXERCISE_ID, TYPE, KCAL_BURNED, NAME, VIDEO_ID) VALUES (32, 'S', 0, 'dumbbell wrist curl', '2wPpcJBe03o');
Insert into Z13.EXERCISES (EXERCISE_ID, TYPE, KCAL_BURNED, NAME, VIDEO_ID) VALUES (33, 'S', 0, 'barbell wrist curl', 'lfQR7oVS8eo');
Insert into Z13.EXERCISES (EXERCISE_ID, TYPE, KCAL_BURNED, NAME, VIDEO_ID) VALUES (34, 'S', 0, 'dumbbell wrist extension', 'la-0c4ubkvs');
Insert into Z13.EXERCISES (EXERCISE_ID, TYPE, KCAL_BURNED, NAME, VIDEO_ID) VALUES (35, 'S', 0, 'barbell wrist extension', 'PMdkUNXrB9Q');
Insert into Z13.EXERCISES (EXERCISE_ID, TYPE, KCAL_BURNED, NAME, VIDEO_ID) VALUES (36, 'S', 0, 'barbell reverse curl', 'TUX58GM5fRQ');
Insert into Z13.EXERCISES (EXERCISE_ID, TYPE, KCAL_BURNED, NAME, VIDEO_ID) VALUES (37, 'S', 0, 'dumbbell reverse curl', 'hUA-fIpM7nA');
Insert into Z13.EXERCISES (EXERCISE_ID, TYPE, KCAL_BURNED, NAME, VIDEO_ID) VALUES (38, 'S', 0, 'back extension', '5_ejbGfdAQE');
Insert into Z13.EXERCISES (EXERCISE_ID, TYPE, KCAL_BURNED, NAME, VIDEO_ID) VALUES (39, 'S', 0, 'barbell squat', 'i7J5h7BJ07g');
Insert into Z13.EXERCISES (EXERCISE_ID, TYPE, KCAL_BURNED, NAME, VIDEO_ID) VALUES (40, 'S', 0, 'machine leg press', 'yZmx_Ac3880');
Insert into Z13.EXERCISES (EXERCISE_ID, TYPE, KCAL_BURNED, NAME, VIDEO_ID) VALUES (41, 'S', 0, 'machine horizontal leg press', 'ccTiGvrsUUY');
Insert into Z13.EXERCISES (EXERCISE_ID, TYPE, KCAL_BURNED, NAME, VIDEO_ID) VALUES (42, 'S', 0, 'hack squat', 'rYgNArpwE7E');
Insert into Z13.EXERCISES (EXERCISE_ID, TYPE, KCAL_BURNED, NAME, VIDEO_ID) VALUES (43, 'S', 0, 'machine leg extension', 'm0FOpMEgero');
Insert into Z13.EXERCISES (EXERCISE_ID, TYPE, KCAL_BURNED, NAME, VIDEO_ID) VALUES (44, 'S', 0, 'machine leg curl', 'Orxowest56U');
Insert into Z13.EXERCISES (EXERCISE_ID, TYPE, KCAL_BURNED, NAME, VIDEO_ID) VALUES (45, 'S', 0, 'barbell standing calf raises', 'hh5516HCu4k');
Insert into Z13.EXERCISES (EXERCISE_ID, TYPE, KCAL_BURNED, NAME, VIDEO_ID) VALUES (46, 'S', 0, 'machine calf raises', 'N3awlEyTY98');
Insert into Z13.EXERCISES (EXERCISE_ID, TYPE, KCAL_BURNED, NAME, VIDEO_ID) VALUES (47, 'S', 0, 'dumbbell lunges', 'eFWCn5iEbTU');
Insert into Z13.EXERCISES (EXERCISE_ID, TYPE, KCAL_BURNED, NAME, VIDEO_ID) VALUES (48, 'S', 0, 'barbell lunges', '_meXEWq5MOQ');
Insert into Z13.EXERCISES (EXERCISE_ID, TYPE, KCAL_BURNED, NAME, VIDEO_ID) VALUES (49, 'S', 0, 'hip thrust', 'EF7jXP17DPE');
Insert into Z13.EXERCISES (EXERCISE_ID, TYPE, KCAL_BURNED, NAME, VIDEO_ID) VALUES (50, 'S', 0, 'barbell bulgarian split squat', 'jNihW0WDIL4');
Insert into Z13.EXERCISES (EXERCISE_ID, TYPE, KCAL_BURNED, NAME, VIDEO_ID) VALUES (51, 'S', 0, 'barbell front squat', 'HHxNbhP16UE');
Insert into Z13.EXERCISES (EXERCISE_ID, TYPE, KCAL_BURNED, NAME, VIDEO_ID) VALUES (52, 'S', 0, 'deadlift', 'AweC3UaM14o');
Insert into Z13.EXERCISES (EXERCISE_ID, TYPE, KCAL_BURNED, NAME, VIDEO_ID) VALUES (53, 'S', 0, 'romanian deadlift', 'bT5OOBgY4bc');
Insert into Z13.EXERCISES (EXERCISE_ID, TYPE, KCAL_BURNED, NAME, VIDEO_ID) VALUES (54, 'S', 0, 'sumo deadlift', 'pfSMst14EFk');
Insert into Z13.EXERCISES (EXERCISE_ID, TYPE, KCAL_BURNED, NAME, VIDEO_ID) VALUES (55, 'F', 0, 'farmer walk', 'dX0itH_wXBQ');
Insert into Z13.EXERCISES (EXERCISE_ID, TYPE, KCAL_BURNED, NAME, VIDEO_ID) VALUES (56, 'S', 0, 'shrugs', '_t3lrPI6Ns4');
Insert into Z13.EXERCISES (EXERCISE_ID, TYPE, KCAL_BURNED, NAME, VIDEO_ID) VALUES (57, 'S', 0, 'sit ups', 'pXg8qppif7I');
Insert into Z13.EXERCISES (EXERCISE_ID, TYPE, KCAL_BURNED, NAME, VIDEO_ID) VALUES (58, 'S', 0, 'decline sit ups', 'DAnTf16NcT0');
Insert into Z13.EXERCISES (EXERCISE_ID, TYPE, KCAL_BURNED, NAME, VIDEO_ID) VALUES (59, 'S', 0, 'crunches', '0t4t3IpiEao');
Insert into Z13.EXERCISES (EXERCISE_ID, TYPE, KCAL_BURNED, NAME, VIDEO_ID) VALUES (60, 'S', 0, 'decline crunches', 'dVO_yOfvp3A');
Insert into Z13.EXERCISES (EXERCISE_ID, TYPE, KCAL_BURNED, NAME, VIDEO_ID) VALUES (61, 'S', 0, 'russian twists', 'pzMWYoeSCzw');
Insert into Z13.EXERCISES (EXERCISE_ID, TYPE, KCAL_BURNED, NAME, VIDEO_ID) VALUES (62, 'S', 0, 'neck curl', 'WSfy5wpU_Io');
Insert into Z13.EXERCISES (EXERCISE_ID, TYPE, KCAL_BURNED, NAME, VIDEO_ID) VALUES (63, 'S', 0, 'neck extensions', 'Z6rZ8oRyFAk');
Insert into Z13.EXERCISES (EXERCISE_ID, TYPE, KCAL_BURNED, NAME, VIDEO_ID) VALUES (64, 'S', 0, 'machine reverse fly', '5YK4bgzXDp0');
Insert into Z13.EXERCISES (EXERCISE_ID, TYPE, KCAL_BURNED, NAME, VIDEO_ID) VALUES (65, 'S', 0, 'dumbbell reverse fly', 'hf7jnF45N_I');
Insert into Z13.EXERCISES (EXERCISE_ID, TYPE, KCAL_BURNED, NAME, VIDEO_ID) VALUES (66, 'C', 2, 'plank', 'EPiXN2bkLoQ');
Insert into Z13.EXERCISES (EXERCISE_ID, TYPE, KCAL_BURNED, NAME, VIDEO_ID) VALUES (67, 'S', 0, 'leg raises', 'q0JVBRHoLz4');
Insert into Z13.EXERCISES (EXERCISE_ID, TYPE, KCAL_BURNED, NAME, VIDEO_ID) VALUES (68, 'C', 5, 'walking', null);
Insert into Z13.EXERCISES (EXERCISE_ID, TYPE, KCAL_BURNED, NAME, VIDEO_ID) VALUES (69, 'C', 10, 'jogging', null);
Insert into Z13.EXERCISES (EXERCISE_ID, TYPE, KCAL_BURNED, NAME, VIDEO_ID) VALUES (70, 'C', 15, 'running', null);
Insert into Z13.EXERCISES (EXERCISE_ID, TYPE, KCAL_BURNED, NAME, VIDEO_ID) VALUES (71, 'C', 20, 'sprinting', null);
Insert into Z13.EXERCISES (EXERCISE_ID, TYPE, KCAL_BURNED, NAME, VIDEO_ID) VALUES (72, 'C', 12, 'swimming', null);
Insert into Z13.EXERCISES (EXERCISE_ID, TYPE, KCAL_BURNED, NAME, VIDEO_ID) VALUES (73, 'C', 10, 'cycling', null);
Insert into Z13.EXERCISES (EXERCISE_ID, TYPE, KCAL_BURNED, NAME, VIDEO_ID) VALUES (74, 'C', 8, 'jumping jacks', 'uLVt6u15L98');
Insert into Z13.EXERCISES (EXERCISE_ID, TYPE, KCAL_BURNED, NAME, VIDEO_ID) VALUES (75, 'S', 0, 'machine leg abduction', 'G_8LItOiZ0Q');
Insert into Z13.EXERCISES (EXERCISE_ID, TYPE, KCAL_BURNED, NAME, VIDEO_ID) VALUES (76, 'S', 0, 'machine leg adduction', 'CjAVezAggkI');
Insert into Z13.EXERCISES (EXERCISE_ID, TYPE, KCAL_BURNED, NAME, VIDEO_ID) VALUES (77, 'S', 0, 'machine lat pulldown', 'EUIri47Epcg');
Insert into Z13.EXERCISES (EXERCISE_ID, TYPE, KCAL_BURNED, NAME, VIDEO_ID) VALUES (168, 'C', 8, 'incline walking', null);
Insert into Z13.EXERCISES (EXERCISE_ID, TYPE, KCAL_BURNED, NAME, VIDEO_ID) VALUES (173, 'F', 10, 'trap bar farmer''s walk', 'ivqzKhwOpvI');
Insert into Z13.EXERCISES (EXERCISE_ID, TYPE, KCAL_BURNED, NAME, VIDEO_ID) VALUES (169, 'C', 12, 'stepper', null);
Insert into Z13.EXERCISES (EXERCISE_ID, TYPE, KCAL_BURNED, NAME, VIDEO_ID) VALUES (170, 'C', 18, 'burpees', 'TU8QYVW0gDU');
Insert into Z13.EXERCISES (EXERCISE_ID, TYPE, KCAL_BURNED, NAME, VIDEO_ID) VALUES (171, 'C', 14, 'rope skipping', null);
Insert into Z13.EXERCISES (EXERCISE_ID, TYPE, KCAL_BURNED, NAME, VIDEO_ID) VALUES (172, 'F', 10, 'dumbbell farmer''s walk', '8OtwXwrJizk');
Insert into Z13.EXERCISES (EXERCISE_ID, TYPE, KCAL_BURNED, NAME, VIDEO_ID) VALUES (174, 'F', 12, 'battle ropes alternating waves', 'ZujykKeVZpM');
Insert into Z13.EXERCISES (EXERCISE_ID, TYPE, KCAL_BURNED, NAME, VIDEO_ID) VALUES (175, 'F', 12, 'battle ropes side waves', 'tDCgANYoO3Q');
Insert into Z13.EXERCISES (EXERCISE_ID, TYPE, KCAL_BURNED, NAME, VIDEO_ID) VALUES (176, 'F', 12, 'battle ropes inside circles', 'ycYOpuuqnLw');
Insert into Z13.EXERCISES (EXERCISE_ID, TYPE, KCAL_BURNED, NAME, VIDEO_ID) VALUES (177, 'F', 12, 'battle ropes outside circles', 'bIeB-Ut8YJM');
Insert into Z13.EXERCISES (EXERCISE_ID, TYPE, KCAL_BURNED, NAME, VIDEO_ID) VALUES (178, 'F', 10, 'battle ropes uppercuts', 'HIZI3TkbJjs');
Insert into Z13.EXERCISES (EXERCISE_ID, TYPE, KCAL_BURNED, NAME, VIDEO_ID) VALUES (179, 'F', 20, 'battle ropes jumping jacks', 'r7Ndi0YYZ-0');
Insert into Z13.EXERCISES (EXERCISE_ID, TYPE, KCAL_BURNED, NAME, VIDEO_ID) VALUES (180, 'F', 14, 'battle ropes slams', '7wDx6mZDxA8');
Insert into Z13.EXERCISES (EXERCISE_ID, TYPE, KCAL_BURNED, NAME, VIDEO_ID) VALUES (301, 'F', 100, 'kidmaker', 'I-u4F-E5yJ0');
Insert into Z13.EXERCISES (EXERCISE_ID, TYPE, KCAL_BURNED, NAME, VIDEO_ID) VALUES (302, 'S', 0, 'dumbbell bulgarian split squat', 'Fmjj7wFJWRE');
Insert into Z13.EXERCISES (EXERCISE_ID, TYPE, KCAL_BURNED, NAME, VIDEO_ID) VALUES (259, 'F', 10, 'weighted wall sit', '8e42dL8MeMw');
Insert into Z13.EXERCISES (EXERCISE_ID, TYPE, KCAL_BURNED, NAME, VIDEO_ID) VALUES (260, 'F', 12, 'rowing', null);
Insert into Z13.EXERCISES (EXERCISE_ID, TYPE, KCAL_BURNED, NAME, VIDEO_ID) VALUES (261, 'F', 14, 'weighted running', null);
Insert into Z13.EXERCISES (EXERCISE_ID, TYPE, KCAL_BURNED, NAME, VIDEO_ID) VALUES (262, 'F', 10, 'weighted walking', null);
Insert into Z13.EXERCISES (EXERCISE_ID, TYPE, KCAL_BURNED, NAME, VIDEO_ID) VALUES (263, 'F', 11, 'weighted incline walking', null);
Insert into Z13.EXERCISES (EXERCISE_ID, TYPE, KCAL_BURNED, NAME, VIDEO_ID) VALUES (264, 'F', 12, 'weighted jumping jacks', null);
Insert into Z13.EXERCISES (EXERCISE_ID, TYPE, KCAL_BURNED, NAME, VIDEO_ID) VALUES (265, 'F', 10, 'weighted rope skipping', null);
REM INSERTING into Z13.EXERCISES_MUSCLES
SET DEFINE OFF;
Insert into Z13.EXERCISES_MUSCLES (ID, EXERCISE_ID, MUSCLE_ID) VALUES (1, 1, 4);
Insert into Z13.EXERCISES_MUSCLES (ID, EXERCISE_ID, MUSCLE_ID) VALUES (2, 1, 6);
Insert into Z13.EXERCISES_MUSCLES (ID, EXERCISE_ID, MUSCLE_ID) VALUES (3, 1, 9);
Insert into Z13.EXERCISES_MUSCLES (ID, EXERCISE_ID, MUSCLE_ID) VALUES (4, 2, 4);
Insert into Z13.EXERCISES_MUSCLES (ID, EXERCISE_ID, MUSCLE_ID) VALUES (5, 2, 6);
Insert into Z13.EXERCISES_MUSCLES (ID, EXERCISE_ID, MUSCLE_ID) VALUES (6, 2, 9);
Insert into Z13.EXERCISES_MUSCLES (ID, EXERCISE_ID, MUSCLE_ID) VALUES (7, 3, 6);
Insert into Z13.EXERCISES_MUSCLES (ID, EXERCISE_ID, MUSCLE_ID) VALUES (8, 3, 9);
Insert into Z13.EXERCISES_MUSCLES (ID, EXERCISE_ID, MUSCLE_ID) VALUES (9, 4, 6);
Insert into Z13.EXERCISES_MUSCLES (ID, EXERCISE_ID, MUSCLE_ID) VALUES (10, 4, 9);
Insert into Z13.EXERCISES_MUSCLES (ID, EXERCISE_ID, MUSCLE_ID) VALUES (11, 5, 9);
Insert into Z13.EXERCISES_MUSCLES (ID, EXERCISE_ID, MUSCLE_ID) VALUES (12, 6, 4);
Insert into Z13.EXERCISES_MUSCLES (ID, EXERCISE_ID, MUSCLE_ID) VALUES (13, 7, 4);
Insert into Z13.EXERCISES_MUSCLES (ID, EXERCISE_ID, MUSCLE_ID) VALUES (14, 7, 6);
Insert into Z13.EXERCISES_MUSCLES (ID, EXERCISE_ID, MUSCLE_ID) VALUES (15, 7, 9);
Insert into Z13.EXERCISES_MUSCLES (ID, EXERCISE_ID, MUSCLE_ID) VALUES (16, 8, 6);
Insert into Z13.EXERCISES_MUSCLES (ID, EXERCISE_ID, MUSCLE_ID) VALUES (17, 9, 9);
Insert into Z13.EXERCISES_MUSCLES (ID, EXERCISE_ID, MUSCLE_ID) VALUES (18, 10, 6);
Insert into Z13.EXERCISES_MUSCLES (ID, EXERCISE_ID, MUSCLE_ID) VALUES (19, 11, 4);
Insert into Z13.EXERCISES_MUSCLES (ID, EXERCISE_ID, MUSCLE_ID) VALUES (20, 11, 6);
Insert into Z13.EXERCISES_MUSCLES (ID, EXERCISE_ID, MUSCLE_ID) VALUES (21, 12, 6);
Insert into Z13.EXERCISES_MUSCLES (ID, EXERCISE_ID, MUSCLE_ID) VALUES (22, 12, 9);
Insert into Z13.EXERCISES_MUSCLES (ID, EXERCISE_ID, MUSCLE_ID) VALUES (23, 13, 9);
Insert into Z13.EXERCISES_MUSCLES (ID, EXERCISE_ID, MUSCLE_ID) VALUES (24, 14, 6);
Insert into Z13.EXERCISES_MUSCLES (ID, EXERCISE_ID, MUSCLE_ID) VALUES (25, 15, 4);
Insert into Z13.EXERCISES_MUSCLES (ID, EXERCISE_ID, MUSCLE_ID) VALUES (26, 15, 6);
Insert into Z13.EXERCISES_MUSCLES (ID, EXERCISE_ID, MUSCLE_ID) VALUES (27, 15, 9);
Insert into Z13.EXERCISES_MUSCLES (ID, EXERCISE_ID, MUSCLE_ID) VALUES (28, 16, 4);
Insert into Z13.EXERCISES_MUSCLES (ID, EXERCISE_ID, MUSCLE_ID) VALUES (29, 16, 6);
Insert into Z13.EXERCISES_MUSCLES (ID, EXERCISE_ID, MUSCLE_ID) VALUES (30, 16, 9);
Insert into Z13.EXERCISES_MUSCLES (ID, EXERCISE_ID, MUSCLE_ID) VALUES (31, 17, 4);
Insert into Z13.EXERCISES_MUSCLES (ID, EXERCISE_ID, MUSCLE_ID) VALUES (32, 17, 6);
Insert into Z13.EXERCISES_MUSCLES (ID, EXERCISE_ID, MUSCLE_ID) VALUES (33, 17, 9);
Insert into Z13.EXERCISES_MUSCLES (ID, EXERCISE_ID, MUSCLE_ID) VALUES (34, 18, 4);
Insert into Z13.EXERCISES_MUSCLES (ID, EXERCISE_ID, MUSCLE_ID) VALUES (35, 18, 6);
Insert into Z13.EXERCISES_MUSCLES (ID, EXERCISE_ID, MUSCLE_ID) VALUES (36, 18, 9);
Insert into Z13.EXERCISES_MUSCLES (ID, EXERCISE_ID, MUSCLE_ID) VALUES (37, 19, 4);
Insert into Z13.EXERCISES_MUSCLES (ID, EXERCISE_ID, MUSCLE_ID) VALUES (38, 19, 6);
Insert into Z13.EXERCISES_MUSCLES (ID, EXERCISE_ID, MUSCLE_ID) VALUES (39, 19, 9);
Insert into Z13.EXERCISES_MUSCLES (ID, EXERCISE_ID, MUSCLE_ID) VALUES (40, 20, 4);
Insert into Z13.EXERCISES_MUSCLES (ID, EXERCISE_ID, MUSCLE_ID) VALUES (41, 21, 5);
Insert into Z13.EXERCISES_MUSCLES (ID, EXERCISE_ID, MUSCLE_ID) VALUES (42, 22, 5);
Insert into Z13.EXERCISES_MUSCLES (ID, EXERCISE_ID, MUSCLE_ID) VALUES (43, 23, 5);
Insert into Z13.EXERCISES_MUSCLES (ID, EXERCISE_ID, MUSCLE_ID) VALUES (44, 23, 7);
Insert into Z13.EXERCISES_MUSCLES (ID, EXERCISE_ID, MUSCLE_ID) VALUES (45, 24, 5);
Insert into Z13.EXERCISES_MUSCLES (ID, EXERCISE_ID, MUSCLE_ID) VALUES (46, 25, 5);
Insert into Z13.EXERCISES_MUSCLES (ID, EXERCISE_ID, MUSCLE_ID) VALUES (47, 25, 7);
Insert into Z13.EXERCISES_MUSCLES (ID, EXERCISE_ID, MUSCLE_ID) VALUES (48, 26, 1);
Insert into Z13.EXERCISES_MUSCLES (ID, EXERCISE_ID, MUSCLE_ID) VALUES (49, 26, 2);
Insert into Z13.EXERCISES_MUSCLES (ID, EXERCISE_ID, MUSCLE_ID) VALUES (50, 26, 3);
Insert into Z13.EXERCISES_MUSCLES (ID, EXERCISE_ID, MUSCLE_ID) VALUES (51, 26, 5);
Insert into Z13.EXERCISES_MUSCLES (ID, EXERCISE_ID, MUSCLE_ID) VALUES (52, 26, 7);
Insert into Z13.EXERCISES_MUSCLES (ID, EXERCISE_ID, MUSCLE_ID) VALUES (53, 26, 8);
Insert into Z13.EXERCISES_MUSCLES (ID, EXERCISE_ID, MUSCLE_ID) VALUES (54, 27, 1);
Insert into Z13.EXERCISES_MUSCLES (ID, EXERCISE_ID, MUSCLE_ID) VALUES (55, 27, 2);
Insert into Z13.EXERCISES_MUSCLES (ID, EXERCISE_ID, MUSCLE_ID) VALUES (56, 27, 3);
Insert into Z13.EXERCISES_MUSCLES (ID, EXERCISE_ID, MUSCLE_ID) VALUES (57, 27, 5);
Insert into Z13.EXERCISES_MUSCLES (ID, EXERCISE_ID, MUSCLE_ID) VALUES (58, 27, 7);
Insert into Z13.EXERCISES_MUSCLES (ID, EXERCISE_ID, MUSCLE_ID) VALUES (59, 27, 8);
Insert into Z13.EXERCISES_MUSCLES (ID, EXERCISE_ID, MUSCLE_ID) VALUES (60, 28, 1);
Insert into Z13.EXERCISES_MUSCLES (ID, EXERCISE_ID, MUSCLE_ID) VALUES (61, 28, 2);
Insert into Z13.EXERCISES_MUSCLES (ID, EXERCISE_ID, MUSCLE_ID) VALUES (62, 28, 3);
Insert into Z13.EXERCISES_MUSCLES (ID, EXERCISE_ID, MUSCLE_ID) VALUES (63, 28, 5);
Insert into Z13.EXERCISES_MUSCLES (ID, EXERCISE_ID, MUSCLE_ID) VALUES (64, 28, 7);
Insert into Z13.EXERCISES_MUSCLES (ID, EXERCISE_ID, MUSCLE_ID) VALUES (65, 28, 8);
Insert into Z13.EXERCISES_MUSCLES (ID, EXERCISE_ID, MUSCLE_ID) VALUES (66, 29, 3);
Insert into Z13.EXERCISES_MUSCLES (ID, EXERCISE_ID, MUSCLE_ID) VALUES (67, 29, 5);
Insert into Z13.EXERCISES_MUSCLES (ID, EXERCISE_ID, MUSCLE_ID) VALUES (68, 29, 7);
Insert into Z13.EXERCISES_MUSCLES (ID, EXERCISE_ID, MUSCLE_ID) VALUES (69, 30, 2);
Insert into Z13.EXERCISES_MUSCLES (ID, EXERCISE_ID, MUSCLE_ID) VALUES (70, 30, 8);
Insert into Z13.EXERCISES_MUSCLES (ID, EXERCISE_ID, MUSCLE_ID) VALUES (71, 31, 2);
Insert into Z13.EXERCISES_MUSCLES (ID, EXERCISE_ID, MUSCLE_ID) VALUES (72, 31, 5);
Insert into Z13.EXERCISES_MUSCLES (ID, EXERCISE_ID, MUSCLE_ID) VALUES (73, 32, 7);
Insert into Z13.EXERCISES_MUSCLES (ID, EXERCISE_ID, MUSCLE_ID) VALUES (74, 33, 7);
Insert into Z13.EXERCISES_MUSCLES (ID, EXERCISE_ID, MUSCLE_ID) VALUES (75, 34, 7);
Insert into Z13.EXERCISES_MUSCLES (ID, EXERCISE_ID, MUSCLE_ID) VALUES (76, 35, 7);
Insert into Z13.EXERCISES_MUSCLES (ID, EXERCISE_ID, MUSCLE_ID) VALUES (77, 36, 5);
Insert into Z13.EXERCISES_MUSCLES (ID, EXERCISE_ID, MUSCLE_ID) VALUES (78, 36, 7);
Insert into Z13.EXERCISES_MUSCLES (ID, EXERCISE_ID, MUSCLE_ID) VALUES (79, 37, 5);
Insert into Z13.EXERCISES_MUSCLES (ID, EXERCISE_ID, MUSCLE_ID) VALUES (80, 37, 7);
Insert into Z13.EXERCISES_MUSCLES (ID, EXERCISE_ID, MUSCLE_ID) VALUES (81, 38, 3);
Insert into Z13.EXERCISES_MUSCLES (ID, EXERCISE_ID, MUSCLE_ID) VALUES (82, 39, 13);
Insert into Z13.EXERCISES_MUSCLES (ID, EXERCISE_ID, MUSCLE_ID) VALUES (83, 39, 14);
Insert into Z13.EXERCISES_MUSCLES (ID, EXERCISE_ID, MUSCLE_ID) VALUES (84, 39, 15);
Insert into Z13.EXERCISES_MUSCLES (ID, EXERCISE_ID, MUSCLE_ID) VALUES (85, 39, 16);
Insert into Z13.EXERCISES_MUSCLES (ID, EXERCISE_ID, MUSCLE_ID) VALUES (86, 39, 17);
Insert into Z13.EXERCISES_MUSCLES (ID, EXERCISE_ID, MUSCLE_ID) VALUES (87, 40, 13);
Insert into Z13.EXERCISES_MUSCLES (ID, EXERCISE_ID, MUSCLE_ID) VALUES (88, 40, 14);
Insert into Z13.EXERCISES_MUSCLES (ID, EXERCISE_ID, MUSCLE_ID) VALUES (89, 40, 15);
Insert into Z13.EXERCISES_MUSCLES (ID, EXERCISE_ID, MUSCLE_ID) VALUES (90, 40, 16);
Insert into Z13.EXERCISES_MUSCLES (ID, EXERCISE_ID, MUSCLE_ID) VALUES (91, 40, 17);
Insert into Z13.EXERCISES_MUSCLES (ID, EXERCISE_ID, MUSCLE_ID) VALUES (92, 41, 13);
Insert into Z13.EXERCISES_MUSCLES (ID, EXERCISE_ID, MUSCLE_ID) VALUES (93, 41, 14);
Insert into Z13.EXERCISES_MUSCLES (ID, EXERCISE_ID, MUSCLE_ID) VALUES (94, 41, 15);
Insert into Z13.EXERCISES_MUSCLES (ID, EXERCISE_ID, MUSCLE_ID) VALUES (95, 41, 16);
Insert into Z13.EXERCISES_MUSCLES (ID, EXERCISE_ID, MUSCLE_ID) VALUES (96, 41, 17);
Insert into Z13.EXERCISES_MUSCLES (ID, EXERCISE_ID, MUSCLE_ID) VALUES (97, 42, 13);
Insert into Z13.EXERCISES_MUSCLES (ID, EXERCISE_ID, MUSCLE_ID) VALUES (98, 42, 14);
Insert into Z13.EXERCISES_MUSCLES (ID, EXERCISE_ID, MUSCLE_ID) VALUES (99, 42, 15);
Insert into Z13.EXERCISES_MUSCLES (ID, EXERCISE_ID, MUSCLE_ID) VALUES (100, 42, 16);
Insert into Z13.EXERCISES_MUSCLES (ID, EXERCISE_ID, MUSCLE_ID) VALUES (101, 42, 17);
Insert into Z13.EXERCISES_MUSCLES (ID, EXERCISE_ID, MUSCLE_ID) VALUES (102, 43, 14);
Insert into Z13.EXERCISES_MUSCLES (ID, EXERCISE_ID, MUSCLE_ID) VALUES (103, 44, 13);
Insert into Z13.EXERCISES_MUSCLES (ID, EXERCISE_ID, MUSCLE_ID) VALUES (104, 45, 16);
Insert into Z13.EXERCISES_MUSCLES (ID, EXERCISE_ID, MUSCLE_ID) VALUES (105, 46, 16);
Insert into Z13.EXERCISES_MUSCLES (ID, EXERCISE_ID, MUSCLE_ID) VALUES (106, 47, 13);
Insert into Z13.EXERCISES_MUSCLES (ID, EXERCISE_ID, MUSCLE_ID) VALUES (107, 47, 14);
Insert into Z13.EXERCISES_MUSCLES (ID, EXERCISE_ID, MUSCLE_ID) VALUES (108, 47, 15);
Insert into Z13.EXERCISES_MUSCLES (ID, EXERCISE_ID, MUSCLE_ID) VALUES (109, 47, 16);
Insert into Z13.EXERCISES_MUSCLES (ID, EXERCISE_ID, MUSCLE_ID) VALUES (110, 47, 17);
Insert into Z13.EXERCISES_MUSCLES (ID, EXERCISE_ID, MUSCLE_ID) VALUES (111, 48, 13);
Insert into Z13.EXERCISES_MUSCLES (ID, EXERCISE_ID, MUSCLE_ID) VALUES (112, 48, 14);
Insert into Z13.EXERCISES_MUSCLES (ID, EXERCISE_ID, MUSCLE_ID) VALUES (113, 48, 15);
Insert into Z13.EXERCISES_MUSCLES (ID, EXERCISE_ID, MUSCLE_ID) VALUES (114, 48, 16);
Insert into Z13.EXERCISES_MUSCLES (ID, EXERCISE_ID, MUSCLE_ID) VALUES (115, 48, 17);
Insert into Z13.EXERCISES_MUSCLES (ID, EXERCISE_ID, MUSCLE_ID) VALUES (116, 51, 13);
Insert into Z13.EXERCISES_MUSCLES (ID, EXERCISE_ID, MUSCLE_ID) VALUES (117, 51, 14);
Insert into Z13.EXERCISES_MUSCLES (ID, EXERCISE_ID, MUSCLE_ID) VALUES (118, 51, 15);
Insert into Z13.EXERCISES_MUSCLES (ID, EXERCISE_ID, MUSCLE_ID) VALUES (119, 51, 16);
Insert into Z13.EXERCISES_MUSCLES (ID, EXERCISE_ID, MUSCLE_ID) VALUES (120, 51, 17);
Insert into Z13.EXERCISES_MUSCLES (ID, EXERCISE_ID, MUSCLE_ID) VALUES (121, 52, 2);
Insert into Z13.EXERCISES_MUSCLES (ID, EXERCISE_ID, MUSCLE_ID) VALUES (122, 52, 3);
Insert into Z13.EXERCISES_MUSCLES (ID, EXERCISE_ID, MUSCLE_ID) VALUES (123, 52, 5);
Insert into Z13.EXERCISES_MUSCLES (ID, EXERCISE_ID, MUSCLE_ID) VALUES (124, 52, 13);
Insert into Z13.EXERCISES_MUSCLES (ID, EXERCISE_ID, MUSCLE_ID) VALUES (125, 52, 14);
Insert into Z13.EXERCISES_MUSCLES (ID, EXERCISE_ID, MUSCLE_ID) VALUES (126, 52, 17);
Insert into Z13.EXERCISES_MUSCLES (ID, EXERCISE_ID, MUSCLE_ID) VALUES (127, 53, 2);
Insert into Z13.EXERCISES_MUSCLES (ID, EXERCISE_ID, MUSCLE_ID) VALUES (128, 53, 3);
Insert into Z13.EXERCISES_MUSCLES (ID, EXERCISE_ID, MUSCLE_ID) VALUES (129, 53, 13);
Insert into Z13.EXERCISES_MUSCLES (ID, EXERCISE_ID, MUSCLE_ID) VALUES (130, 53, 17);
Insert into Z13.EXERCISES_MUSCLES (ID, EXERCISE_ID, MUSCLE_ID) VALUES (131, 54, 2);
Insert into Z13.EXERCISES_MUSCLES (ID, EXERCISE_ID, MUSCLE_ID) VALUES (132, 54, 3);
Insert into Z13.EXERCISES_MUSCLES (ID, EXERCISE_ID, MUSCLE_ID) VALUES (133, 54, 13);
Insert into Z13.EXERCISES_MUSCLES (ID, EXERCISE_ID, MUSCLE_ID) VALUES (134, 54, 14);
Insert into Z13.EXERCISES_MUSCLES (ID, EXERCISE_ID, MUSCLE_ID) VALUES (135, 54, 15);
Insert into Z13.EXERCISES_MUSCLES (ID, EXERCISE_ID, MUSCLE_ID) VALUES (136, 54, 17);
Insert into Z13.EXERCISES_MUSCLES (ID, EXERCISE_ID, MUSCLE_ID) VALUES (137, 55, 2);
Insert into Z13.EXERCISES_MUSCLES (ID, EXERCISE_ID, MUSCLE_ID) VALUES (138, 55, 3);
Insert into Z13.EXERCISES_MUSCLES (ID, EXERCISE_ID, MUSCLE_ID) VALUES (139, 55, 7);
Insert into Z13.EXERCISES_MUSCLES (ID, EXERCISE_ID, MUSCLE_ID) VALUES (140, 55, 16);
Insert into Z13.EXERCISES_MUSCLES (ID, EXERCISE_ID, MUSCLE_ID) VALUES (141, 55, 17);
Insert into Z13.EXERCISES_MUSCLES (ID, EXERCISE_ID, MUSCLE_ID) VALUES (142, 56, 1);
Insert into Z13.EXERCISES_MUSCLES (ID, EXERCISE_ID, MUSCLE_ID) VALUES (143, 56, 2);
Insert into Z13.EXERCISES_MUSCLES (ID, EXERCISE_ID, MUSCLE_ID) VALUES (144, 57, 10);
Insert into Z13.EXERCISES_MUSCLES (ID, EXERCISE_ID, MUSCLE_ID) VALUES (145, 58, 10);
Insert into Z13.EXERCISES_MUSCLES (ID, EXERCISE_ID, MUSCLE_ID) VALUES (146, 59, 10);
Insert into Z13.EXERCISES_MUSCLES (ID, EXERCISE_ID, MUSCLE_ID) VALUES (147, 60, 10);
Insert into Z13.EXERCISES_MUSCLES (ID, EXERCISE_ID, MUSCLE_ID) VALUES (148, 61, 10);
Insert into Z13.EXERCISES_MUSCLES (ID, EXERCISE_ID, MUSCLE_ID) VALUES (149, 61, 11);
Insert into Z13.EXERCISES_MUSCLES (ID, EXERCISE_ID, MUSCLE_ID) VALUES (150, 62, 19);
Insert into Z13.EXERCISES_MUSCLES (ID, EXERCISE_ID, MUSCLE_ID) VALUES (151, 63, 19);
Insert into Z13.EXERCISES_MUSCLES (ID, EXERCISE_ID, MUSCLE_ID) VALUES (152, 64, 2);
Insert into Z13.EXERCISES_MUSCLES (ID, EXERCISE_ID, MUSCLE_ID) VALUES (153, 64, 8);
Insert into Z13.EXERCISES_MUSCLES (ID, EXERCISE_ID, MUSCLE_ID) VALUES (154, 64, 9);
Insert into Z13.EXERCISES_MUSCLES (ID, EXERCISE_ID, MUSCLE_ID) VALUES (155, 65, 2);
Insert into Z13.EXERCISES_MUSCLES (ID, EXERCISE_ID, MUSCLE_ID) VALUES (156, 65, 8);
Insert into Z13.EXERCISES_MUSCLES (ID, EXERCISE_ID, MUSCLE_ID) VALUES (157, 65, 9);
Insert into Z13.EXERCISES_MUSCLES (ID, EXERCISE_ID, MUSCLE_ID) VALUES (158, 66, 10);
Insert into Z13.EXERCISES_MUSCLES (ID, EXERCISE_ID, MUSCLE_ID) VALUES (159, 66, 11);
Insert into Z13.EXERCISES_MUSCLES (ID, EXERCISE_ID, MUSCLE_ID) VALUES (160, 67, 10);
Insert into Z13.EXERCISES_MUSCLES (ID, EXERCISE_ID, MUSCLE_ID) VALUES (161, 67, 11);
Insert into Z13.EXERCISES_MUSCLES (ID, EXERCISE_ID, MUSCLE_ID) VALUES (162, 67, 17);
Insert into Z13.EXERCISES_MUSCLES (ID, EXERCISE_ID, MUSCLE_ID) VALUES (163, 68, 13);
Insert into Z13.EXERCISES_MUSCLES (ID, EXERCISE_ID, MUSCLE_ID) VALUES (164, 68, 14);
Insert into Z13.EXERCISES_MUSCLES (ID, EXERCISE_ID, MUSCLE_ID) VALUES (165, 68, 16);
Insert into Z13.EXERCISES_MUSCLES (ID, EXERCISE_ID, MUSCLE_ID) VALUES (166, 69, 13);
Insert into Z13.EXERCISES_MUSCLES (ID, EXERCISE_ID, MUSCLE_ID) VALUES (167, 69, 14);
Insert into Z13.EXERCISES_MUSCLES (ID, EXERCISE_ID, MUSCLE_ID) VALUES (168, 69, 16);
Insert into Z13.EXERCISES_MUSCLES (ID, EXERCISE_ID, MUSCLE_ID) VALUES (169, 70, 13);
Insert into Z13.EXERCISES_MUSCLES (ID, EXERCISE_ID, MUSCLE_ID) VALUES (170, 70, 14);
Insert into Z13.EXERCISES_MUSCLES (ID, EXERCISE_ID, MUSCLE_ID) VALUES (171, 70, 16);
Insert into Z13.EXERCISES_MUSCLES (ID, EXERCISE_ID, MUSCLE_ID) VALUES (172, 71, 13);
Insert into Z13.EXERCISES_MUSCLES (ID, EXERCISE_ID, MUSCLE_ID) VALUES (173, 71, 14);
Insert into Z13.EXERCISES_MUSCLES (ID, EXERCISE_ID, MUSCLE_ID) VALUES (174, 71, 16);
Insert into Z13.EXERCISES_MUSCLES (ID, EXERCISE_ID, MUSCLE_ID) VALUES (175, 72, 1);
Insert into Z13.EXERCISES_MUSCLES (ID, EXERCISE_ID, MUSCLE_ID) VALUES (176, 72, 2);
Insert into Z13.EXERCISES_MUSCLES (ID, EXERCISE_ID, MUSCLE_ID) VALUES (177, 72, 4);
Insert into Z13.EXERCISES_MUSCLES (ID, EXERCISE_ID, MUSCLE_ID) VALUES (178, 72, 5);
Insert into Z13.EXERCISES_MUSCLES (ID, EXERCISE_ID, MUSCLE_ID) VALUES (179, 72, 6);
Insert into Z13.EXERCISES_MUSCLES (ID, EXERCISE_ID, MUSCLE_ID) VALUES (180, 72, 8);
Insert into Z13.EXERCISES_MUSCLES (ID, EXERCISE_ID, MUSCLE_ID) VALUES (181, 72, 9);
Insert into Z13.EXERCISES_MUSCLES (ID, EXERCISE_ID, MUSCLE_ID) VALUES (182, 72, 10);
Insert into Z13.EXERCISES_MUSCLES (ID, EXERCISE_ID, MUSCLE_ID) VALUES (183, 72, 11);
Insert into Z13.EXERCISES_MUSCLES (ID, EXERCISE_ID, MUSCLE_ID) VALUES (184, 72, 13);
Insert into Z13.EXERCISES_MUSCLES (ID, EXERCISE_ID, MUSCLE_ID) VALUES (185, 72, 14);
Insert into Z13.EXERCISES_MUSCLES (ID, EXERCISE_ID, MUSCLE_ID) VALUES (186, 72, 16);
Insert into Z13.EXERCISES_MUSCLES (ID, EXERCISE_ID, MUSCLE_ID) VALUES (187, 73, 13);
Insert into Z13.EXERCISES_MUSCLES (ID, EXERCISE_ID, MUSCLE_ID) VALUES (188, 73, 14);
Insert into Z13.EXERCISES_MUSCLES (ID, EXERCISE_ID, MUSCLE_ID) VALUES (189, 73, 16);
Insert into Z13.EXERCISES_MUSCLES (ID, EXERCISE_ID, MUSCLE_ID) VALUES (190, 73, 17);
Insert into Z13.EXERCISES_MUSCLES (ID, EXERCISE_ID, MUSCLE_ID) VALUES (191, 74, 2);
Insert into Z13.EXERCISES_MUSCLES (ID, EXERCISE_ID, MUSCLE_ID) VALUES (192, 74, 8);
Insert into Z13.EXERCISES_MUSCLES (ID, EXERCISE_ID, MUSCLE_ID) VALUES (193, 74, 14);
Insert into Z13.EXERCISES_MUSCLES (ID, EXERCISE_ID, MUSCLE_ID) VALUES (194, 74, 16);
Insert into Z13.EXERCISES_MUSCLES (ID, EXERCISE_ID, MUSCLE_ID) VALUES (195, 75, 15);
Insert into Z13.EXERCISES_MUSCLES (ID, EXERCISE_ID, MUSCLE_ID) VALUES (196, 75, 17);
Insert into Z13.EXERCISES_MUSCLES (ID, EXERCISE_ID, MUSCLE_ID) VALUES (197, 76, 12);
Insert into Z13.EXERCISES_MUSCLES (ID, EXERCISE_ID, MUSCLE_ID) VALUES (198, 76, 17);
Insert into Z13.EXERCISES_MUSCLES (ID, EXERCISE_ID, MUSCLE_ID) VALUES (199, 77, 1);
Insert into Z13.EXERCISES_MUSCLES (ID, EXERCISE_ID, MUSCLE_ID) VALUES (200, 77, 2);
Insert into Z13.EXERCISES_MUSCLES (ID, EXERCISE_ID, MUSCLE_ID) VALUES (201, 77, 3);
Insert into Z13.EXERCISES_MUSCLES (ID, EXERCISE_ID, MUSCLE_ID) VALUES (202, 77, 5);
Insert into Z13.EXERCISES_MUSCLES (ID, EXERCISE_ID, MUSCLE_ID) VALUES (203, 77, 7);
Insert into Z13.EXERCISES_MUSCLES (ID, EXERCISE_ID, MUSCLE_ID) VALUES (258, 168, 14);
Insert into Z13.EXERCISES_MUSCLES (ID, EXERCISE_ID, MUSCLE_ID) VALUES (259, 168, 13);
Insert into Z13.EXERCISES_MUSCLES (ID, EXERCISE_ID, MUSCLE_ID) VALUES (260, 168, 16);
Insert into Z13.EXERCISES_MUSCLES (ID, EXERCISE_ID, MUSCLE_ID) VALUES (261, 168, 17);
Insert into Z13.EXERCISES_MUSCLES (ID, EXERCISE_ID, MUSCLE_ID) VALUES (262, 169, 14);
Insert into Z13.EXERCISES_MUSCLES (ID, EXERCISE_ID, MUSCLE_ID) VALUES (263, 169, 13);
Insert into Z13.EXERCISES_MUSCLES (ID, EXERCISE_ID, MUSCLE_ID) VALUES (264, 169, 17);
Insert into Z13.EXERCISES_MUSCLES (ID, EXERCISE_ID, MUSCLE_ID) VALUES (265, 169, 10);
Insert into Z13.EXERCISES_MUSCLES (ID, EXERCISE_ID, MUSCLE_ID) VALUES (266, 170, 4);
Insert into Z13.EXERCISES_MUSCLES (ID, EXERCISE_ID, MUSCLE_ID) VALUES (267, 170, 6);
Insert into Z13.EXERCISES_MUSCLES (ID, EXERCISE_ID, MUSCLE_ID) VALUES (268, 170, 14);
Insert into Z13.EXERCISES_MUSCLES (ID, EXERCISE_ID, MUSCLE_ID) VALUES (269, 170, 13);
Insert into Z13.EXERCISES_MUSCLES (ID, EXERCISE_ID, MUSCLE_ID) VALUES (270, 170, 10);
Insert into Z13.EXERCISES_MUSCLES (ID, EXERCISE_ID, MUSCLE_ID) VALUES (271, 170, 9);
Insert into Z13.EXERCISES_MUSCLES (ID, EXERCISE_ID, MUSCLE_ID) VALUES (272, 171, 16);
Insert into Z13.EXERCISES_MUSCLES (ID, EXERCISE_ID, MUSCLE_ID) VALUES (273, 171, 14);
Insert into Z13.EXERCISES_MUSCLES (ID, EXERCISE_ID, MUSCLE_ID) VALUES (274, 171, 13);
Insert into Z13.EXERCISES_MUSCLES (ID, EXERCISE_ID, MUSCLE_ID) VALUES (275, 171, 10);
Insert into Z13.EXERCISES_MUSCLES (ID, EXERCISE_ID, MUSCLE_ID) VALUES (276, 171, 7);
Insert into Z13.EXERCISES_MUSCLES (ID, EXERCISE_ID, MUSCLE_ID) VALUES (277, 171, 17);
Insert into Z13.EXERCISES_MUSCLES (ID, EXERCISE_ID, MUSCLE_ID) VALUES (340, 172, 7);
Insert into Z13.EXERCISES_MUSCLES (ID, EXERCISE_ID, MUSCLE_ID) VALUES (341, 172, 8);
Insert into Z13.EXERCISES_MUSCLES (ID, EXERCISE_ID, MUSCLE_ID) VALUES (342, 172, 3);
Insert into Z13.EXERCISES_MUSCLES (ID, EXERCISE_ID, MUSCLE_ID) VALUES (343, 172, 16);
Insert into Z13.EXERCISES_MUSCLES (ID, EXERCISE_ID, MUSCLE_ID) VALUES (344, 174, 5);
Insert into Z13.EXERCISES_MUSCLES (ID, EXERCISE_ID, MUSCLE_ID) VALUES (345, 174, 2);
Insert into Z13.EXERCISES_MUSCLES (ID, EXERCISE_ID, MUSCLE_ID) VALUES (346, 174, 10);
Insert into Z13.EXERCISES_MUSCLES (ID, EXERCISE_ID, MUSCLE_ID) VALUES (347, 175, 5);
Insert into Z13.EXERCISES_MUSCLES (ID, EXERCISE_ID, MUSCLE_ID) VALUES (348, 175, 2);
Insert into Z13.EXERCISES_MUSCLES (ID, EXERCISE_ID, MUSCLE_ID) VALUES (349, 176, 5);
Insert into Z13.EXERCISES_MUSCLES (ID, EXERCISE_ID, MUSCLE_ID) VALUES (350, 176, 2);
Insert into Z13.EXERCISES_MUSCLES (ID, EXERCISE_ID, MUSCLE_ID) VALUES (351, 176, 10);
Insert into Z13.EXERCISES_MUSCLES (ID, EXERCISE_ID, MUSCLE_ID) VALUES (352, 177, 5);
Insert into Z13.EXERCISES_MUSCLES (ID, EXERCISE_ID, MUSCLE_ID) VALUES (353, 177, 2);
Insert into Z13.EXERCISES_MUSCLES (ID, EXERCISE_ID, MUSCLE_ID) VALUES (354, 177, 10);
Insert into Z13.EXERCISES_MUSCLES (ID, EXERCISE_ID, MUSCLE_ID) VALUES (355, 178, 5);
Insert into Z13.EXERCISES_MUSCLES (ID, EXERCISE_ID, MUSCLE_ID) VALUES (356, 178, 2);
Insert into Z13.EXERCISES_MUSCLES (ID, EXERCISE_ID, MUSCLE_ID) VALUES (357, 178, 10);
Insert into Z13.EXERCISES_MUSCLES (ID, EXERCISE_ID, MUSCLE_ID) VALUES (358, 179, 14);
Insert into Z13.EXERCISES_MUSCLES (ID, EXERCISE_ID, MUSCLE_ID) VALUES (359, 179, 13);
Insert into Z13.EXERCISES_MUSCLES (ID, EXERCISE_ID, MUSCLE_ID) VALUES (360, 179, 10);
Insert into Z13.EXERCISES_MUSCLES (ID, EXERCISE_ID, MUSCLE_ID) VALUES (361, 179, 16);
Insert into Z13.EXERCISES_MUSCLES (ID, EXERCISE_ID, MUSCLE_ID) VALUES (401, 50, 13);
Insert into Z13.EXERCISES_MUSCLES (ID, EXERCISE_ID, MUSCLE_ID) VALUES (402, 50, 14);
Insert into Z13.EXERCISES_MUSCLES (ID, EXERCISE_ID, MUSCLE_ID) VALUES (403, 50, 16);
Insert into Z13.EXERCISES_MUSCLES (ID, EXERCISE_ID, MUSCLE_ID) VALUES (404, 50, 17);
Insert into Z13.EXERCISES_MUSCLES (ID, EXERCISE_ID, MUSCLE_ID) VALUES (405, 302, 13);
Insert into Z13.EXERCISES_MUSCLES (ID, EXERCISE_ID, MUSCLE_ID) VALUES (406, 302, 14);
Insert into Z13.EXERCISES_MUSCLES (ID, EXERCISE_ID, MUSCLE_ID) VALUES (407, 302, 16);
Insert into Z13.EXERCISES_MUSCLES (ID, EXERCISE_ID, MUSCLE_ID) VALUES (309, 259, 10);
Insert into Z13.EXERCISES_MUSCLES (ID, EXERCISE_ID, MUSCLE_ID) VALUES (310, 259, 11);
Insert into Z13.EXERCISES_MUSCLES (ID, EXERCISE_ID, MUSCLE_ID) VALUES (311, 259, 14);
Insert into Z13.EXERCISES_MUSCLES (ID, EXERCISE_ID, MUSCLE_ID) VALUES (312, 259, 16);
Insert into Z13.EXERCISES_MUSCLES (ID, EXERCISE_ID, MUSCLE_ID) VALUES (313, 259, 17);
Insert into Z13.EXERCISES_MUSCLES (ID, EXERCISE_ID, MUSCLE_ID) VALUES (314, 260, 1);
Insert into Z13.EXERCISES_MUSCLES (ID, EXERCISE_ID, MUSCLE_ID) VALUES (315, 260, 2);
Insert into Z13.EXERCISES_MUSCLES (ID, EXERCISE_ID, MUSCLE_ID) VALUES (316, 260, 3);
Insert into Z13.EXERCISES_MUSCLES (ID, EXERCISE_ID, MUSCLE_ID) VALUES (317, 260, 6);
Insert into Z13.EXERCISES_MUSCLES (ID, EXERCISE_ID, MUSCLE_ID) VALUES (318, 260, 13);
Insert into Z13.EXERCISES_MUSCLES (ID, EXERCISE_ID, MUSCLE_ID) VALUES (319, 261, 10);
Insert into Z13.EXERCISES_MUSCLES (ID, EXERCISE_ID, MUSCLE_ID) VALUES (320, 261, 11);
Insert into Z13.EXERCISES_MUSCLES (ID, EXERCISE_ID, MUSCLE_ID) VALUES (321, 261, 14);
Insert into Z13.EXERCISES_MUSCLES (ID, EXERCISE_ID, MUSCLE_ID) VALUES (322, 261, 16);
Insert into Z13.EXERCISES_MUSCLES (ID, EXERCISE_ID, MUSCLE_ID) VALUES (323, 261, 17);
Insert into Z13.EXERCISES_MUSCLES (ID, EXERCISE_ID, MUSCLE_ID) VALUES (324, 262, 10);
Insert into Z13.EXERCISES_MUSCLES (ID, EXERCISE_ID, MUSCLE_ID) VALUES (325, 262, 14);
Insert into Z13.EXERCISES_MUSCLES (ID, EXERCISE_ID, MUSCLE_ID) VALUES (326, 262, 16);
Insert into Z13.EXERCISES_MUSCLES (ID, EXERCISE_ID, MUSCLE_ID) VALUES (327, 262, 17);
Insert into Z13.EXERCISES_MUSCLES (ID, EXERCISE_ID, MUSCLE_ID) VALUES (328, 263, 10);
Insert into Z13.EXERCISES_MUSCLES (ID, EXERCISE_ID, MUSCLE_ID) VALUES (329, 263, 14);
Insert into Z13.EXERCISES_MUSCLES (ID, EXERCISE_ID, MUSCLE_ID) VALUES (330, 263, 16);
Insert into Z13.EXERCISES_MUSCLES (ID, EXERCISE_ID, MUSCLE_ID) VALUES (331, 263, 17);
Insert into Z13.EXERCISES_MUSCLES (ID, EXERCISE_ID, MUSCLE_ID) VALUES (332, 264, 10);
Insert into Z13.EXERCISES_MUSCLES (ID, EXERCISE_ID, MUSCLE_ID) VALUES (333, 264, 14);
Insert into Z13.EXERCISES_MUSCLES (ID, EXERCISE_ID, MUSCLE_ID) VALUES (334, 264, 16);
Insert into Z13.EXERCISES_MUSCLES (ID, EXERCISE_ID, MUSCLE_ID) VALUES (335, 264, 17);
Insert into Z13.EXERCISES_MUSCLES (ID, EXERCISE_ID, MUSCLE_ID) VALUES (336, 265, 10);
Insert into Z13.EXERCISES_MUSCLES (ID, EXERCISE_ID, MUSCLE_ID) VALUES (337, 265, 14);
Insert into Z13.EXERCISES_MUSCLES (ID, EXERCISE_ID, MUSCLE_ID) VALUES (338, 265, 16);
Insert into Z13.EXERCISES_MUSCLES (ID, EXERCISE_ID, MUSCLE_ID) VALUES (339, 265, 17);
Insert into Z13.EXERCISES_MUSCLES (ID, EXERCISE_ID, MUSCLE_ID) VALUES (408, 302, 17);
REM INSERTING into Z13.FRIENDSHIPS
SET DEFINE OFF;
Insert into Z13.FRIENDSHIPS (ID,FRIEND1_USERNAME,FRIEND2_USERNAME,CREATED_AT) values ('60','milosz','skuter',to_timestamp('25/01/16 19:13:12,521963000','RR/MM/DD HH24:MI:SSXFF'));
Insert into Z13.FRIENDSHIPS (ID,FRIEND1_USERNAME,FRIEND2_USERNAME,CREATED_AT) values ('51','pedziwiatr','milosz',to_timestamp('25/01/16 14:24:40,000000000','RR/MM/DD HH24:MI:SSXFF'));
REM INSERTING into Z13.MUSCLES
SET DEFINE OFF;
Insert into Z13.MUSCLES (MUSCLE_ID,MUSCLE_NAME) values ('1','trapezius');
Insert into Z13.MUSCLES (MUSCLE_ID,MUSCLE_NAME) values ('2','upper-back');
Insert into Z13.MUSCLES (MUSCLE_ID,MUSCLE_NAME) values ('3','lower-back');
Insert into Z13.MUSCLES (MUSCLE_ID,MUSCLE_NAME) values ('4','chest');
Insert into Z13.MUSCLES (MUSCLE_ID,MUSCLE_NAME) values ('5','biceps');
Insert into Z13.MUSCLES (MUSCLE_ID,MUSCLE_NAME) values ('6','triceps');
Insert into Z13.MUSCLES (MUSCLE_ID,MUSCLE_NAME) values ('7','forearm');
Insert into Z13.MUSCLES (MUSCLE_ID,MUSCLE_NAME) values ('8','back-deltoids');
Insert into Z13.MUSCLES (MUSCLE_ID,MUSCLE_NAME) values ('9','front-deltoids');
Insert into Z13.MUSCLES (MUSCLE_ID,MUSCLE_NAME) values ('10','abs');
Insert into Z13.MUSCLES (MUSCLE_ID,MUSCLE_NAME) values ('11','obliques');
Insert into Z13.MUSCLES (MUSCLE_ID,MUSCLE_NAME) values ('12','adductor');
Insert into Z13.MUSCLES (MUSCLE_ID,MUSCLE_NAME) values ('13','hamstring');
Insert into Z13.MUSCLES (MUSCLE_ID,MUSCLE_NAME) values ('14','quadriceps');
Insert into Z13.MUSCLES (MUSCLE_ID,MUSCLE_NAME) values ('15','abductors');
Insert into Z13.MUSCLES (MUSCLE_ID,MUSCLE_NAME) values ('16','calves');
Insert into Z13.MUSCLES (MUSCLE_ID,MUSCLE_NAME) values ('17','gluteal');
Insert into Z13.MUSCLES (MUSCLE_ID,MUSCLE_NAME) values ('18','head');
Insert into Z13.MUSCLES (MUSCLE_ID,MUSCLE_NAME) values ('19','neck');
REM INSERTING into Z13.POST_REACTIONS
SET DEFINE OFF;
Insert into Z13.POST_REACTIONS (POST_REACTION_ID,POST_ID,AUTHOR_USERNAME) values ('67','28','skuter');
Insert into Z13.POST_REACTIONS (POST_REACTION_ID,POST_ID,AUTHOR_USERNAME) values ('59','28','milosz');
Insert into Z13.POST_REACTIONS (POST_REACTION_ID,POST_ID,AUTHOR_USERNAME) values ('60','53','pedziwiatr');
Insert into Z13.POST_REACTIONS (POST_REACTION_ID,POST_ID,AUTHOR_USERNAME) values ('65','55','skuter');
REM INSERTING into Z13.POSTS
SET DEFINE OFF;
Insert into Z13.POSTS (POST_ID,AUTHOR_USERNAME,POST_DATE,TITLE,WORKOUT_ID,CONTENT) values ('56','milosz',to_timestamp('25/01/16 19:13:38,958759000','RR/MM/DD HH24:MI:SSXFF'),'Moj trening','68','asddasd');
Insert into Z13.POSTS (POST_ID,AUTHOR_USERNAME,POST_DATE,TITLE,WORKOUT_ID,CONTENT) values ('55','skuter',to_timestamp('25/01/16 17:28:42,306883000','RR/MM/DD HH24:MI:SSXFF'),'very funny workout','72','im sigma');
Insert into Z13.POSTS (POST_ID,AUTHOR_USERNAME,POST_DATE,TITLE,WORKOUT_ID,CONTENT) values ('61','mandrysz',to_timestamp('25/01/19 16:09:58,668659000','RR/MM/DD HH24:MI:SSXFF'),'Trening elo','98','pozdro');
Insert into Z13.POSTS (POST_ID,AUTHOR_USERNAME,POST_DATE,TITLE,WORKOUT_ID,CONTENT) values ('28','pedziwiatr',to_timestamp('14/01/03 21:16:06,000000000','RR/MM/DD HH24:MI:SSXFF'),'Trening pleców','6','przetrenowane plecki pyk pyk cyk myk pyk');
Insert into Z13.POSTS (POST_ID,AUTHOR_USERNAME,POST_DATE,TITLE,WORKOUT_ID,CONTENT) values ('53','milosz',to_timestamp('25/01/16 05:17:07,414611000','RR/MM/DD HH24:MI:SSXFF'),'Pierwszy trening','48','pozdro');
REM INSERTING into Z13.TOKEN
SET DEFINE OFF;
Insert into Z13.TOKEN (EMAIL,VERIFICATION_TOKEN,RESET_TOKEN,RESET_EXPIRY) values ('siemionek.kacper22@gmail.com',null,null,null);
Insert into Z13.TOKEN (EMAIL,VERIFICATION_TOKEN,RESET_TOKEN,RESET_EXPIRY) values ('milosz@vveb.name',null,null,null);
Insert into Z13.TOKEN (EMAIL,VERIFICATION_TOKEN,RESET_TOKEN,RESET_EXPIRY) values ('mandryszczuk2005@gmail.com',null,null,null);
Insert into Z13.TOKEN (EMAIL,VERIFICATION_TOKEN,RESET_TOKEN,RESET_EXPIRY) values ('michalpedziwiatrr@gmail.com',null,null,null);
REM INSERTING into Z13.USERS
SET DEFINE OFF;
Insert into Z13.USERS (USERNAME,NAME,SURNAME,EMAIL,PASSWORD,WEIGHT,HEIGHT,VERIFIED,FAVORITE_EXERCISE,AVATAR) values ('pedziwiatr','Michał','Pędziwiatr','michalpedziwiatrr@gmail.com','$2a$10$WZYQkbAlzYG6RZ5WOR6E8unZeJOiRj4IWqWQdXJ0man2wXT82gWJy','90','192','1','4',null);
Insert into Z13.USERS (USERNAME,NAME,SURNAME,EMAIL,PASSWORD,WEIGHT,HEIGHT,VERIFIED,FAVORITE_EXERCISE,AVATAR) values ('skuter','Kacper','Siemionek','siemionek.kacper22@gmail.com','$2a$10$L7nm0NNb4RXhwmjF1agaTONPolIfuKqnt7LphbKYFriLUTLYUN1VW','75','175','1','12','#4b7fc4');
Insert into Z13.USERS (USERNAME,NAME,SURNAME,EMAIL,PASSWORD,WEIGHT,HEIGHT,VERIFIED,FAVORITE_EXERCISE,AVATAR) values ('mandrysz','Milosz','Andry','milosz@vveb.name','$2a$10$MrU2p.phXHz7EIwbDMj21.uMdUj2EsRQPUL7F6WKU9frYbPuER2JW',null,null,'1',null,null);
Insert into Z13.USERS (USERNAME,NAME,SURNAME,EMAIL,PASSWORD,WEIGHT,HEIGHT,VERIFIED,FAVORITE_EXERCISE,AVATAR) values ('milosz','Milosz','Andry','mandryszczuk2005@gmail.com','$2a$10$2ortaiqJbaNMwQDQleRWLuraWJp3SusxO80SY/JUA0geLW7zf9s/S','80','190','1',null,'#4b7fc4');
REM INSERTING into Z13.WORKOUTS
SET DEFINE OFF;
Insert into Z13.WORKOUTS (WORKOUT_ID,START_DATETIME,USERNAME,END_DATETIME,DESCRIPTION,CREATED_DATETIME,IS_POSTED,SCHEDULE) values ('71',to_timestamp('24/12/04 23:00:00,000000000','RR/MM/DD HH24:MI:SSXFF'),'skuter',to_timestamp('24/12/05 16:00:00,000000000','RR/MM/DD HH24:MI:SSXFF'),'harder better faster stronger',to_timestamp('25/01/16 17:06:58,538735000','RR/MM/DD HH24:MI:SSXFF'),'0', 0);
Insert into Z13.WORKOUTS (WORKOUT_ID,START_DATETIME,USERNAME,END_DATETIME,DESCRIPTION,CREATED_DATETIME,IS_POSTED,SCHEDULE) values ('2',to_timestamp('24/01/31 23:00:00,000000000','RR/MM/DD HH24:MI:SSXFF'),'pedziwiatr',to_timestamp('24/12/06 23:00:00,000000000','RR/MM/DD HH24:MI:SSXFF'),'ugabuga',to_timestamp('24/12/03 15:28:00,012175000','RR/MM/DD HH24:MI:SSXFF'),'0', 0);
Insert into Z13.WORKOUTS (WORKOUT_ID,START_DATETIME,USERNAME,END_DATETIME,DESCRIPTION,CREATED_DATETIME,IS_POSTED,SCHEDULE) values ('3',to_timestamp('24/11/30 17:00:00,000000000','RR/MM/DD HH24:MI:SSXFF'),'pedziwiatr',to_timestamp('24/11/30 18:30:00,000000000','RR/MM/DD HH24:MI:SSXFF'),'amazing push day',to_timestamp('24/12/04 01:20:56,984848000','RR/MM/DD HH24:MI:SSXFF'),'0', 0);
Insert into Z13.WORKOUTS (WORKOUT_ID,START_DATETIME,USERNAME,END_DATETIME,DESCRIPTION,CREATED_DATETIME,IS_POSTED,SCHEDULE) values ('6',to_timestamp('24/07/15 08:00:00,000000000','RR/MM/DD HH24:MI:SSXFF'),'pedziwiatr',to_timestamp('24/07/15 10:00:00,000000000','RR/MM/DD HH24:MI:SSXFF'),'growing out wings',to_timestamp('24/12/04 17:42:11,194051000','RR/MM/DD HH24:MI:SSXFF'),'1', 0);
Insert into Z13.WORKOUTS (WORKOUT_ID,START_DATETIME,USERNAME,END_DATETIME,DESCRIPTION,CREATED_DATETIME,IS_POSTED,SCHEDULE) values ('72',to_timestamp('24/12/11 23:00:00,000000000','RR/MM/DD HH24:MI:SSXFF'),'skuter',to_timestamp('24/12/12 14:00:00,000000000','RR/MM/DD HH24:MI:SSXFF'),'sigma workout',to_timestamp('25/01/16 17:13:38,250215000','RR/MM/DD HH24:MI:SSXFF'),'1', 0);
Insert into Z13.WORKOUTS (WORKOUT_ID,START_DATETIME,USERNAME,END_DATETIME,DESCRIPTION,CREATED_DATETIME,IS_POSTED,SCHEDULE) values ('98',to_timestamp('25/01/19 00:00:00,000000000','RR/MM/DD HH24:MI:SSXFF'),'mandrysz',to_timestamp('25/01/19 00:00:00,000000000','RR/MM/DD HH24:MI:SSXFF'),'New3',to_timestamp('25/01/19 01:48:06,695187000','RR/MM/DD HH24:MI:SSXFF'),'1', 0);
Insert into Z13.WORKOUTS (WORKOUT_ID,START_DATETIME,USERNAME,END_DATETIME,DESCRIPTION,CREATED_DATETIME,IS_POSTED,SCHEDULE) values ('54',to_timestamp('25/01/15 03:14:00,000000000','RR/MM/DD HH24:MI:SSXFF'),'milosz',to_timestamp('25/01/15 07:34:00,000000000','RR/MM/DD HH24:MI:SSXFF'),'more kgs',to_timestamp('25/01/16 00:14:57,212164000','RR/MM/DD HH24:MI:SSXFF'),'0', 0);
Insert into Z13.WORKOUTS (WORKOUT_ID,START_DATETIME,USERNAME,END_DATETIME,DESCRIPTION,CREATED_DATETIME,IS_POSTED,SCHEDULE) values ('82',to_timestamp('24/01/20 00:00:00,000000000','RR/MM/DD HH24:MI:SSXFF'),'skuter',to_timestamp('24/01/20 02:10:00,000000000','RR/MM/DD HH24:MI:SSXFF'),null,to_timestamp('25/01/18 15:43:58,597965000','RR/MM/DD HH24:MI:SSXFF'),'0', 0);
Insert into Z13.WORKOUTS (WORKOUT_ID,START_DATETIME,USERNAME,END_DATETIME,DESCRIPTION,CREATED_DATETIME,IS_POSTED,SCHEDULE) values ('97',to_timestamp('25/01/19 00:00:00,000000000','RR/MM/DD HH24:MI:SSXFF'),'mandrysz',to_timestamp('25/01/19 00:00:00,000000000','RR/MM/DD HH24:MI:SSXFF'),'New3',to_timestamp('25/01/19 01:44:26,468488000','RR/MM/DD HH24:MI:SSXFF'),'0', 0);
Insert into Z13.WORKOUTS (WORKOUT_ID,START_DATETIME,USERNAME,END_DATETIME,DESCRIPTION,CREATED_DATETIME,IS_POSTED,SCHEDULE) values ('90',to_timestamp('25/01/17 03:15:00,000000000','RR/MM/DD HH24:MI:SSXFF'),'skuter',to_timestamp('25/01/18 03:14:00,000000000','RR/MM/DD HH24:MI:SSXFF'),'copied',to_timestamp('25/01/19 01:13:27,124846000','RR/MM/DD HH24:MI:SSXFF'),'0', 0);
Insert into Z13.WORKOUTS (WORKOUT_ID,START_DATETIME,USERNAME,END_DATETIME,DESCRIPTION,CREATED_DATETIME,IS_POSTED,SCHEDULE) values ('48',to_timestamp('24/01/15 03:14:00,000000000','RR/MM/DD HH24:MI:SSXFF'),'milosz',to_timestamp('24/01/15 10:26:00,000000000','RR/MM/DD HH24:MI:SSXFF'),'testing new exercises',to_timestamp('25/01/15 22:21:23,827406000','RR/MM/DD HH24:MI:SSXFF'),'1', 0);
Insert into Z13.WORKOUTS (WORKOUT_ID,START_DATETIME,USERNAME,END_DATETIME,DESCRIPTION,CREATED_DATETIME,IS_POSTED,SCHEDULE) values ('96',to_timestamp('25/01/19 00:00:00,000000000','RR/MM/DD HH24:MI:SSXFF'),'mandrysz',to_timestamp('25/01/19 00:00:00,000000000','RR/MM/DD HH24:MI:SSXFF'),'New2',to_timestamp('25/01/19 01:43:25,125303000','RR/MM/DD HH24:MI:SSXFF'),'0', 0);
Insert into Z13.WORKOUTS (WORKOUT_ID,START_DATETIME,USERNAME,END_DATETIME,DESCRIPTION,CREATED_DATETIME,IS_POSTED,SCHEDULE) values ('68',to_timestamp('25/01/08 03:15:00,000000000','RR/MM/DD HH24:MI:SSXFF'),'milosz',to_timestamp('25/01/16 08:38:00,000000000','RR/MM/DD HH24:MI:SSXFF'),'gym is my passion',to_timestamp('25/01/16 14:34:05,511273000','RR/MM/DD HH24:MI:SSXFF'),'1', 0);
Insert into Z13.WORKOUTS (WORKOUT_ID,START_DATETIME,USERNAME,END_DATETIME,DESCRIPTION,CREATED_DATETIME,IS_POSTED,SCHEDULE) values ('70',to_timestamp('24/12/01 22:00:00,000000000','RR/MM/DD HH24:MI:SSXFF'),'skuter',to_timestamp('24/12/01 23:00:00,000000000','RR/MM/DD HH24:MI:SSXFF'),'first workout in decemberr',to_timestamp('25/01/16 16:58:42,641339000','RR/MM/DD HH24:MI:SSXFF'),'0', 0);
REM INSERTING into Z13.POST_COMMENTS
SET DEFINE OFF;
Insert into Z13.POST_COMMENTS (POST_COMMENT_ID, POST_ID, AUTHOR_USERNAME, CONTENT, POST_COMMENT_DATE) VALUES (1, 61, 'pedziwiatr', 'Niezła robota brachu', TIMESTAMP '2025-01-22 19:33:21.000000');
Insert into Z13.POST_COMMENTS (POST_COMMENT_ID, POST_ID, AUTHOR_USERNAME, CONTENT, POST_COMMENT_DATE) VALUES (2, 61, 'skuter', 'Haha jeszcze troche podbij ciężaru i będzie jak moja rozgrzewka', TIMESTAMP '2025-01-22 18:49:31.843426');
Insert into Z13.POST_COMMENTS (POST_COMMENT_ID, POST_ID, AUTHOR_USERNAME, CONTENT, POST_COMMENT_DATE) VALUES (3, 56, 'pedziwiatr', 'No i na co ci to? 100kg bierze a opony nawet nie potrafi wymienić. Od dobrobytu się w głowie poprzewracało!!!', TIMESTAMP '2025-01-22 18:49:31.850721');
Insert into Z13.POST_COMMENTS (POST_COMMENT_ID, POST_ID, AUTHOR_USERNAME, CONTENT, POST_COMMENT_DATE) VALUES (4, 56, 'mandrysz', 'Graty', TIMESTAMP '2025-01-22 18:49:31.858182');
Insert into Z13.POST_COMMENTS (POST_COMMENT_ID, POST_ID, AUTHOR_USERNAME, CONTENT, POST_COMMENT_DATE) VALUES (5, 55, 'milosz', 'Jest ok ', TIMESTAMP '2025-01-10 18:49:31.866001');
Insert into Z13.POST_COMMENTS (POST_COMMENT_ID, POST_ID, AUTHOR_USERNAME, CONTENT, POST_COMMENT_DATE) VALUES (6, 55, 'pedziwiatr', 'Kto pl pisze 123', TIMESTAMP '2025-01-22 18:50:24.404032');
Insert into Z13.POST_COMMENTS (POST_COMMENT_ID, POST_ID, AUTHOR_USERNAME, CONTENT, POST_COMMENT_DATE) VALUES (7, 55, 'skuter', '123', TIMESTAMP '2025-01-22 18:49:31.882454');
Insert into Z13.POST_COMMENTS (POST_COMMENT_ID, POST_ID, AUTHOR_USERNAME, CONTENT, POST_COMMENT_DATE) VALUES (8, 28, 'mandrysz', 'Moze byc', TIMESTAMP '2025-01-22 18:49:31.893948');
Insert into Z13.POST_COMMENTS (POST_COMMENT_ID, POST_ID, AUTHOR_USERNAME, CONTENT, POST_COMMENT_DATE) VALUES (9, 28, 'skuter', 'Super ci poszlo pozdrawiam', TIMESTAMP '2025-01-22 18:49:31.901964');
Insert into Z13.POST_COMMENTS (POST_COMMENT_ID, POST_ID, AUTHOR_USERNAME, CONTENT, POST_COMMENT_DATE) VALUES (10, 28, 'milosz', 'Ale syf', TIMESTAMP '2024-02-22 18:49:31.910000');
Insert into Z13.POST_COMMENTS (POST_COMMENT_ID, POST_ID, AUTHOR_USERNAME, CONTENT, POST_COMMENT_DATE) VALUES (11, 53, 'pedziwiatr', ':)', TIMESTAMP '2025-01-22 18:49:31.917941');
Insert into Z13.POST_COMMENTS (POST_COMMENT_ID, POST_ID, AUTHOR_USERNAME, CONTENT, POST_COMMENT_DATE) VALUES (12, 53, 'skuter', 'Wbijajcie na moj kanal nazwa xXSkuter2013Xx', TIMESTAMP '2024-01-22 18:49:31.925873');
Insert into Z13.POST_COMMENTS (POST_COMMENT_ID, POST_ID, AUTHOR_USERNAME, CONTENT, POST_COMMENT_DATE) VALUES (13, 53, 'mandrysz', 'Pozdrawiam', TIMESTAMP '2025-01-20 18:49:31.933907');

