REM INSERTING into Z13.ACTIVITIES
SET DEFINE OFF;
Insert into Z13.ACTIVITIES (ACTIVITY_ID,EXERCISE_ID,REPS,WEIGHT,DURATION,WORKOUT_ID) values ('309','7','12','12',to_timestamp('25/01/19 00:00:00,000000000','RR/MM/DD HH24:MI:SSXFF'),'97');
Insert into Z13.ACTIVITIES (ACTIVITY_ID,EXERCISE_ID,REPS,WEIGHT,DURATION,WORKOUT_ID) values ('304','7','123','132',to_timestamp('25/01/19 00:00:00,000000000','RR/MM/DD HH24:MI:SSXFF'),'90');
Insert into Z13.ACTIVITIES (ACTIVITY_ID,EXERCISE_ID,REPS,WEIGHT,DURATION,WORKOUT_ID) values ('247','73','0','0',to_timestamp('25/01/16 02:00:00,000000000','RR/MM/DD HH24:MI:SSXFF'),'70');
Insert into Z13.ACTIVITIES (ACTIVITY_ID,EXERCISE_ID,REPS,WEIGHT,DURATION,WORKOUT_ID) values ('248','72','0','0',to_timestamp('25/01/16 01:00:00,000000000','RR/MM/DD HH24:MI:SSXFF'),'70');
Insert into Z13.ACTIVITIES (ACTIVITY_ID,EXERCISE_ID,REPS,WEIGHT,DURATION,WORKOUT_ID) values ('249','20','40','60',to_timestamp('25/01/16 00:00:00,000000000','RR/MM/DD HH24:MI:SSXFF'),'70');
Insert into Z13.ACTIVITIES (ACTIVITY_ID,EXERCISE_ID,REPS,WEIGHT,DURATION,WORKOUT_ID) values ('250','14','30','40',to_timestamp('25/01/16 00:00:00,000000000','RR/MM/DD HH24:MI:SSXFF'),'70');
Insert into Z13.ACTIVITIES (ACTIVITY_ID,EXERCISE_ID,REPS,WEIGHT,DURATION,WORKOUT_ID) values ('251','39','30','20',to_timestamp('25/01/16 00:00:00,000000000','RR/MM/DD HH24:MI:SSXFF'),'70');
Insert into Z13.ACTIVITIES (ACTIVITY_ID,EXERCISE_ID,REPS,WEIGHT,DURATION,WORKOUT_ID) values ('252','54','20','200',to_timestamp('25/01/16 00:00:00,000000000','RR/MM/DD HH24:MI:SSXFF'),'71');
Insert into Z13.ACTIVITIES (ACTIVITY_ID,EXERCISE_ID,REPS,WEIGHT,DURATION,WORKOUT_ID) values ('253','261','0','50',to_timestamp('25/01/16 00:10:00,000000000','RR/MM/DD HH24:MI:SSXFF'),'71');
Insert into Z13.ACTIVITIES (ACTIVITY_ID,EXERCISE_ID,REPS,WEIGHT,DURATION,WORKOUT_ID) values ('254','262','0','100',to_timestamp('25/01/16 00:30:00,000000000','RR/MM/DD HH24:MI:SSXFF'),'72');
Insert into Z13.ACTIVITIES (ACTIVITY_ID,EXERCISE_ID,REPS,WEIGHT,DURATION,WORKOUT_ID) values ('255','1','12','60',to_timestamp('25/01/16 00:00:00,000000000','RR/MM/DD HH24:MI:SSXFF'),'72');
Insert into Z13.ACTIVITIES (ACTIVITY_ID,EXERCISE_ID,REPS,WEIGHT,DURATION,WORKOUT_ID) values ('256','1','12','60',to_timestamp('25/01/16 00:00:00,000000000','RR/MM/DD HH24:MI:SSXFF'),'72');
Insert into Z13.ACTIVITIES (ACTIVITY_ID,EXERCISE_ID,REPS,WEIGHT,DURATION,WORKOUT_ID) values ('257','1','12','60',to_timestamp('25/01/16 00:00:00,000000000','RR/MM/DD HH24:MI:SSXFF'),'72');
Insert into Z13.ACTIVITIES (ACTIVITY_ID,EXERCISE_ID,REPS,WEIGHT,DURATION,WORKOUT_ID) values ('258','8','10','50',to_timestamp('25/01/16 00:00:00,000000000','RR/MM/DD HH24:MI:SSXFF'),'72');
Insert into Z13.ACTIVITIES (ACTIVITY_ID,EXERCISE_ID,REPS,WEIGHT,DURATION,WORKOUT_ID) values ('259','8','10','55',to_timestamp('25/01/16 00:00:00,000000000','RR/MM/DD HH24:MI:SSXFF'),'72');
Insert into Z13.ACTIVITIES (ACTIVITY_ID,EXERCISE_ID,REPS,WEIGHT,DURATION,WORKOUT_ID) values ('260','6','12','40',to_timestamp('25/01/16 00:00:00,000000000','RR/MM/DD HH24:MI:SSXFF'),'2');
Insert into Z13.ACTIVITIES (ACTIVITY_ID,EXERCISE_ID,REPS,WEIGHT,DURATION,WORKOUT_ID) values ('261','64','15','50',to_timestamp('25/01/16 00:00:00,000000000','RR/MM/DD HH24:MI:SSXFF'),'6');
Insert into Z13.ACTIVITIES (ACTIVITY_ID,EXERCISE_ID,REPS,WEIGHT,DURATION,WORKOUT_ID) values ('310','66','0','0',to_timestamp('25/01/19 12:00:00,000000000','RR/MM/DD HH24:MI:SSXFF'),'97');
Insert into Z13.ACTIVITIES (ACTIVITY_ID,EXERCISE_ID,REPS,WEIGHT,DURATION,WORKOUT_ID) values ('302','73','0','0',to_timestamp('25/01/18 12:00:00,000000000','RR/MM/DD HH24:MI:SSXFF'),'82');
Insert into Z13.ACTIVITIES (ACTIVITY_ID,EXERCISE_ID,REPS,WEIGHT,DURATION,WORKOUT_ID) values ('307','7','12','12',to_timestamp('25/01/19 00:00:00,000000000','RR/MM/DD HH24:MI:SSXFF'),'96');
Insert into Z13.ACTIVITIES (ACTIVITY_ID,EXERCISE_ID,REPS,WEIGHT,DURATION,WORKOUT_ID) values ('265','21','20','40',to_timestamp('24/12/01 00:00:00,000000000','RR/MM/DD HH24:MI:SSXFF'),'71');
Insert into Z13.ACTIVITIES (ACTIVITY_ID,EXERCISE_ID,REPS,WEIGHT,DURATION,WORKOUT_ID) values ('266','21','16','40',to_timestamp('24/12/01 00:00:00,000000000','RR/MM/DD HH24:MI:SSXFF'),'71');
Insert into Z13.ACTIVITIES (ACTIVITY_ID,EXERCISE_ID,REPS,WEIGHT,DURATION,WORKOUT_ID) values ('267','21','12','40',to_timestamp('24/12/01 00:00:00,000000000','RR/MM/DD HH24:MI:SSXFF'),'71');
Insert into Z13.ACTIVITIES (ACTIVITY_ID,EXERCISE_ID,REPS,WEIGHT,DURATION,WORKOUT_ID) values ('268','21','8','40',to_timestamp('24/12/01 00:00:00,000000000','RR/MM/DD HH24:MI:SSXFF'),'71');
Insert into Z13.ACTIVITIES (ACTIVITY_ID,EXERCISE_ID,REPS,WEIGHT,DURATION,WORKOUT_ID) values ('269','21','5','40',to_timestamp('24/12/01 00:00:00,000000000','RR/MM/DD HH24:MI:SSXFF'),'71');
Insert into Z13.ACTIVITIES (ACTIVITY_ID,EXERCISE_ID,REPS,WEIGHT,DURATION,WORKOUT_ID) values ('270','23','12','15',to_timestamp('24/12/01 00:00:00,000000000','RR/MM/DD HH24:MI:SSXFF'),'71');
Insert into Z13.ACTIVITIES (ACTIVITY_ID,EXERCISE_ID,REPS,WEIGHT,DURATION,WORKOUT_ID) values ('271','23','10','15',to_timestamp('24/12/01 00:00:00,000000000','RR/MM/DD HH24:MI:SSXFF'),'71');
Insert into Z13.ACTIVITIES (ACTIVITY_ID,EXERCISE_ID,REPS,WEIGHT,DURATION,WORKOUT_ID) values ('308','66','0','0',to_timestamp('25/01/19 12:00:00,000000000','RR/MM/DD HH24:MI:SSXFF'),'96');
Insert into Z13.ACTIVITIES (ACTIVITY_ID,EXERCISE_ID,REPS,WEIGHT,DURATION,WORKOUT_ID) values ('311','66','0','0',to_timestamp('25/01/19 12:00:00,000000000','RR/MM/DD HH24:MI:SSXFF'),'98');
Insert into Z13.ACTIVITIES (ACTIVITY_ID,EXERCISE_ID,REPS,WEIGHT,DURATION,WORKOUT_ID) values ('312','173','0','234234',to_timestamp('25/01/19 23:42:34,000000000','RR/MM/DD HH24:MI:SSXFF'),'98');
Insert into Z13.ACTIVITIES (ACTIVITY_ID,EXERCISE_ID,REPS,WEIGHT,DURATION,WORKOUT_ID) values ('31','21','20','40',to_timestamp('24/12/01 00:00:00,000000000','RR/MM/DD HH24:MI:SSXFF'),'3');
Insert into Z13.ACTIVITIES (ACTIVITY_ID,EXERCISE_ID,REPS,WEIGHT,DURATION,WORKOUT_ID) values ('32','21','16','40',to_timestamp('24/12/01 00:00:00,000000000','RR/MM/DD HH24:MI:SSXFF'),'3');
Insert into Z13.ACTIVITIES (ACTIVITY_ID,EXERCISE_ID,REPS,WEIGHT,DURATION,WORKOUT_ID) values ('33','21','12','40',to_timestamp('24/12/01 00:00:00,000000000','RR/MM/DD HH24:MI:SSXFF'),'3');
Insert into Z13.ACTIVITIES (ACTIVITY_ID,EXERCISE_ID,REPS,WEIGHT,DURATION,WORKOUT_ID) values ('34','21','8','40',to_timestamp('24/12/01 00:00:00,000000000','RR/MM/DD HH24:MI:SSXFF'),'3');
Insert into Z13.ACTIVITIES (ACTIVITY_ID,EXERCISE_ID,REPS,WEIGHT,DURATION,WORKOUT_ID) values ('35','21','5','40',to_timestamp('24/12/01 00:00:00,000000000','RR/MM/DD HH24:MI:SSXFF'),'3');
Insert into Z13.ACTIVITIES (ACTIVITY_ID,EXERCISE_ID,REPS,WEIGHT,DURATION,WORKOUT_ID) values ('36','23','12','15',to_timestamp('24/12/01 00:00:00,000000000','RR/MM/DD HH24:MI:SSXFF'),'3');
Insert into Z13.ACTIVITIES (ACTIVITY_ID,EXERCISE_ID,REPS,WEIGHT,DURATION,WORKOUT_ID) values ('37','23','10','15',to_timestamp('24/12/01 00:00:00,000000000','RR/MM/DD HH24:MI:SSXFF'),'3');
Insert into Z13.ACTIVITIES (ACTIVITY_ID,EXERCISE_ID,REPS,WEIGHT,DURATION,WORKOUT_ID) values ('38','23','8','15',to_timestamp('24/12/01 00:00:00,000000000','RR/MM/DD HH24:MI:SSXFF'),'3');
Insert into Z13.ACTIVITIES (ACTIVITY_ID,EXERCISE_ID,REPS,WEIGHT,DURATION,WORKOUT_ID) values ('39','29','10','0',to_timestamp('24/12/01 00:00:00,000000000','RR/MM/DD HH24:MI:SSXFF'),'3');
Insert into Z13.ACTIVITIES (ACTIVITY_ID,EXERCISE_ID,REPS,WEIGHT,DURATION,WORKOUT_ID) values ('40','29','8','0',to_timestamp('24/12/01 00:00:00,000000000','RR/MM/DD HH24:MI:SSXFF'),'3');
Insert into Z13.ACTIVITIES (ACTIVITY_ID,EXERCISE_ID,REPS,WEIGHT,DURATION,WORKOUT_ID) values ('41','29','2','15',to_timestamp('24/12/01 00:00:00,000000000','RR/MM/DD HH24:MI:SSXFF'),'3');
Insert into Z13.ACTIVITIES (ACTIVITY_ID,EXERCISE_ID,REPS,WEIGHT,DURATION,WORKOUT_ID) values ('313','1','123','24342',to_timestamp('25/01/19 00:00:00,000000000','RR/MM/DD HH24:MI:SSXFF'),'54');
Insert into Z13.ACTIVITIES (ACTIVITY_ID,EXERCISE_ID,REPS,WEIGHT,DURATION,WORKOUT_ID) values ('234','73','0','0',to_timestamp('25/01/16 23:42:02,000000000','RR/MM/DD HH24:MI:SSXFF'),'54');
Insert into Z13.ACTIVITIES (ACTIVITY_ID,EXERCISE_ID,REPS,WEIGHT,DURATION,WORKOUT_ID) values ('314','173','0','234',to_timestamp('25/01/19 23:42:43,000000000','RR/MM/DD HH24:MI:SSXFF'),'54');
Insert into Z13.ACTIVITIES (ACTIVITY_ID,EXERCISE_ID,REPS,WEIGHT,DURATION,WORKOUT_ID) values ('196','66','0','0',to_timestamp('25/01/15 04:12:24,000000000','RR/MM/DD HH24:MI:SSXFF'),'48');
Insert into Z13.ACTIVITIES (ACTIVITY_ID,EXERCISE_ID,REPS,WEIGHT,DURATION,WORKOUT_ID) values ('243','168','0','0',to_timestamp('25/01/16 12:31:01,000000000','RR/MM/DD HH24:MI:SSXFF'),'68');
REM INSERTING into Z13.EXERCISES
SET DEFINE OFF;
Insert into Z13.EXERCISES (EXERCISE_ID,TYPE,KCAL_BURNED,NAME) values ('1','S','0','barbell bench press');
Insert into Z13.EXERCISES (EXERCISE_ID,TYPE,KCAL_BURNED,NAME) values ('2','S','0','dumbbell bench press');
Insert into Z13.EXERCISES (EXERCISE_ID,TYPE,KCAL_BURNED,NAME) values ('3','S','0','barbell shoulder press');
Insert into Z13.EXERCISES (EXERCISE_ID,TYPE,KCAL_BURNED,NAME) values ('4','S','0','dumbbell shoulder press');
Insert into Z13.EXERCISES (EXERCISE_ID,TYPE,KCAL_BURNED,NAME) values ('5','S','0','dumbbell lateral raise');
Insert into Z13.EXERCISES (EXERCISE_ID,TYPE,KCAL_BURNED,NAME) values ('6','S','0','dumbbell chest fly');
Insert into Z13.EXERCISES (EXERCISE_ID,TYPE,KCAL_BURNED,NAME) values ('7','S','0','dip');
Insert into Z13.EXERCISES (EXERCISE_ID,TYPE,KCAL_BURNED,NAME) values ('8','S','0','cable tricep pushdown');
Insert into Z13.EXERCISES (EXERCISE_ID,TYPE,KCAL_BURNED,NAME) values ('9','S','0','dumbbell frontal raise');
Insert into Z13.EXERCISES (EXERCISE_ID,TYPE,KCAL_BURNED,NAME) values ('10','S','0','dumbbell skull crushers');
Insert into Z13.EXERCISES (EXERCISE_ID,TYPE,KCAL_BURNED,NAME) values ('11','S','0','machine chest press');
Insert into Z13.EXERCISES (EXERCISE_ID,TYPE,KCAL_BURNED,NAME) values ('12','S','0','machine shoulder press');
Insert into Z13.EXERCISES (EXERCISE_ID,TYPE,KCAL_BURNED,NAME) values ('13','S','0','machine lateral raise');
Insert into Z13.EXERCISES (EXERCISE_ID,TYPE,KCAL_BURNED,NAME) values ('14','S','0','machine tricep extension');
Insert into Z13.EXERCISES (EXERCISE_ID,TYPE,KCAL_BURNED,NAME) values ('15','S','0','push up');
Insert into Z13.EXERCISES (EXERCISE_ID,TYPE,KCAL_BURNED,NAME) values ('16','S','0','incline barbell bench press');
Insert into Z13.EXERCISES (EXERCISE_ID,TYPE,KCAL_BURNED,NAME) values ('17','S','0','incline dumbbell bench press');
Insert into Z13.EXERCISES (EXERCISE_ID,TYPE,KCAL_BURNED,NAME) values ('18','S','0','decline barbell bench press');
Insert into Z13.EXERCISES (EXERCISE_ID,TYPE,KCAL_BURNED,NAME) values ('19','S','0','decline dumbbell bench press');
Insert into Z13.EXERCISES (EXERCISE_ID,TYPE,KCAL_BURNED,NAME) values ('20','S','0','machine chest fly');
Insert into Z13.EXERCISES (EXERCISE_ID,TYPE,KCAL_BURNED,NAME) values ('21','S','0','barbell bicep curl');
Insert into Z13.EXERCISES (EXERCISE_ID,TYPE,KCAL_BURNED,NAME) values ('22','S','0','dumbbell bicep  curl');
Insert into Z13.EXERCISES (EXERCISE_ID,TYPE,KCAL_BURNED,NAME) values ('23','S','0','bicep hammer curl');
Insert into Z13.EXERCISES (EXERCISE_ID,TYPE,KCAL_BURNED,NAME) values ('24','S','0','machine bicep curl');
Insert into Z13.EXERCISES (EXERCISE_ID,TYPE,KCAL_BURNED,NAME) values ('25','S','0','machine bicep hammer curl');
Insert into Z13.EXERCISES (EXERCISE_ID,TYPE,KCAL_BURNED,NAME) values ('26','S','0','barbell row');
Insert into Z13.EXERCISES (EXERCISE_ID,TYPE,KCAL_BURNED,NAME) values ('27','S','0','dumbbell row');
Insert into Z13.EXERCISES (EXERCISE_ID,TYPE,KCAL_BURNED,NAME) values ('28','S','0','cable row');
Insert into Z13.EXERCISES (EXERCISE_ID,TYPE,KCAL_BURNED,NAME) values ('29','S','0','pull up');
Insert into Z13.EXERCISES (EXERCISE_ID,TYPE,KCAL_BURNED,NAME) values ('30','S','0','cable face pull');
Insert into Z13.EXERCISES (EXERCISE_ID,TYPE,KCAL_BURNED,NAME) values ('31','S','0','chin up');
Insert into Z13.EXERCISES (EXERCISE_ID,TYPE,KCAL_BURNED,NAME) values ('32','S','0','dumbbell wrist curl');
Insert into Z13.EXERCISES (EXERCISE_ID,TYPE,KCAL_BURNED,NAME) values ('33','S','0','barbell wrist curl');
Insert into Z13.EXERCISES (EXERCISE_ID,TYPE,KCAL_BURNED,NAME) values ('34','S','0','dumbbell wrist extension');
Insert into Z13.EXERCISES (EXERCISE_ID,TYPE,KCAL_BURNED,NAME) values ('35','S','0','barbell wrist extension');
Insert into Z13.EXERCISES (EXERCISE_ID,TYPE,KCAL_BURNED,NAME) values ('36','S','0','barbell reverse curl');
Insert into Z13.EXERCISES (EXERCISE_ID,TYPE,KCAL_BURNED,NAME) values ('37','S','0','dumbbell reverse curl');
Insert into Z13.EXERCISES (EXERCISE_ID,TYPE,KCAL_BURNED,NAME) values ('38','S','0','back extension');
Insert into Z13.EXERCISES (EXERCISE_ID,TYPE,KCAL_BURNED,NAME) values ('39','S','0','barbell squat');
Insert into Z13.EXERCISES (EXERCISE_ID,TYPE,KCAL_BURNED,NAME) values ('40','S','0','machine leg press');
Insert into Z13.EXERCISES (EXERCISE_ID,TYPE,KCAL_BURNED,NAME) values ('41','S','0','machine horizontal leg press');
Insert into Z13.EXERCISES (EXERCISE_ID,TYPE,KCAL_BURNED,NAME) values ('42','S','0','hack squat');
Insert into Z13.EXERCISES (EXERCISE_ID,TYPE,KCAL_BURNED,NAME) values ('43','S','0','machine leg extension');
Insert into Z13.EXERCISES (EXERCISE_ID,TYPE,KCAL_BURNED,NAME) values ('44','S','0','machine leg curl');
Insert into Z13.EXERCISES (EXERCISE_ID,TYPE,KCAL_BURNED,NAME) values ('45','S','0','barbell standing calf raises');
Insert into Z13.EXERCISES (EXERCISE_ID,TYPE,KCAL_BURNED,NAME) values ('46','S','0','machine calf raises');
Insert into Z13.EXERCISES (EXERCISE_ID,TYPE,KCAL_BURNED,NAME) values ('47','S','0','dumbbell lunges');
Insert into Z13.EXERCISES (EXERCISE_ID,TYPE,KCAL_BURNED,NAME) values ('48','S','0','barbell lunges');
Insert into Z13.EXERCISES (EXERCISE_ID,TYPE,KCAL_BURNED,NAME) values ('49','S','0','hip thrust');
Insert into Z13.EXERCISES (EXERCISE_ID,TYPE,KCAL_BURNED,NAME) values ('50','S','0','dumbbell bulgarian split squat');
Insert into Z13.EXERCISES (EXERCISE_ID,TYPE,KCAL_BURNED,NAME) values ('51','S','0','barbell front squat');
Insert into Z13.EXERCISES (EXERCISE_ID,TYPE,KCAL_BURNED,NAME) values ('52','S','0','deadlift');
Insert into Z13.EXERCISES (EXERCISE_ID,TYPE,KCAL_BURNED,NAME) values ('53','S','0','romanian deadlift');
Insert into Z13.EXERCISES (EXERCISE_ID,TYPE,KCAL_BURNED,NAME) values ('54','S','0','sumo deadlift');
Insert into Z13.EXERCISES (EXERCISE_ID,TYPE,KCAL_BURNED,NAME) values ('55','S','0','farmer walk');
Insert into Z13.EXERCISES (EXERCISE_ID,TYPE,KCAL_BURNED,NAME) values ('56','S','0','shrugs');
Insert into Z13.EXERCISES (EXERCISE_ID,TYPE,KCAL_BURNED,NAME) values ('57','S','0','sit ups');
Insert into Z13.EXERCISES (EXERCISE_ID,TYPE,KCAL_BURNED,NAME) values ('58','S','0','decline sit ups');
Insert into Z13.EXERCISES (EXERCISE_ID,TYPE,KCAL_BURNED,NAME) values ('59','S','0','crunches');
Insert into Z13.EXERCISES (EXERCISE_ID,TYPE,KCAL_BURNED,NAME) values ('60','S','0','decline crunches');
Insert into Z13.EXERCISES (EXERCISE_ID,TYPE,KCAL_BURNED,NAME) values ('61','S','0','russian twists');
Insert into Z13.EXERCISES (EXERCISE_ID,TYPE,KCAL_BURNED,NAME) values ('62','S','0','neck curl');
Insert into Z13.EXERCISES (EXERCISE_ID,TYPE,KCAL_BURNED,NAME) values ('63','S','0','neck extensions');
Insert into Z13.EXERCISES (EXERCISE_ID,TYPE,KCAL_BURNED,NAME) values ('64','S','0','machine reverse fly');
Insert into Z13.EXERCISES (EXERCISE_ID,TYPE,KCAL_BURNED,NAME) values ('65','S','0','dumbbell reverse fly');
Insert into Z13.EXERCISES (EXERCISE_ID,TYPE,KCAL_BURNED,NAME) values ('66','C','2','plank');
Insert into Z13.EXERCISES (EXERCISE_ID,TYPE,KCAL_BURNED,NAME) values ('67','S','0','leg raises');
Insert into Z13.EXERCISES (EXERCISE_ID,TYPE,KCAL_BURNED,NAME) values ('68','C','5','walking');
Insert into Z13.EXERCISES (EXERCISE_ID,TYPE,KCAL_BURNED,NAME) values ('69','C','10','jogging');
Insert into Z13.EXERCISES (EXERCISE_ID,TYPE,KCAL_BURNED,NAME) values ('70','C','15','running');
Insert into Z13.EXERCISES (EXERCISE_ID,TYPE,KCAL_BURNED,NAME) values ('71','C','20','sprinting');
Insert into Z13.EXERCISES (EXERCISE_ID,TYPE,KCAL_BURNED,NAME) values ('72','C','12','swimming');
Insert into Z13.EXERCISES (EXERCISE_ID,TYPE,KCAL_BURNED,NAME) values ('73','C','10','cycling');
Insert into Z13.EXERCISES (EXERCISE_ID,TYPE,KCAL_BURNED,NAME) values ('74','C','8','jumping jacks');
Insert into Z13.EXERCISES (EXERCISE_ID,TYPE,KCAL_BURNED,NAME) values ('75','S','0','machine leg abduction');
Insert into Z13.EXERCISES (EXERCISE_ID,TYPE,KCAL_BURNED,NAME) values ('76','S','0','machine leg adduction');
Insert into Z13.EXERCISES (EXERCISE_ID,TYPE,KCAL_BURNED,NAME) values ('77','S','0','machine lat pulldown');
Insert into Z13.EXERCISES (EXERCISE_ID,TYPE,KCAL_BURNED,NAME) values ('168','C','8','incline walking');
Insert into Z13.EXERCISES (EXERCISE_ID,TYPE,KCAL_BURNED,NAME) values ('173','F','10','trap bar farmer''s walk');
Insert into Z13.EXERCISES (EXERCISE_ID,TYPE,KCAL_BURNED,NAME) values ('169','C','12','stepper');
Insert into Z13.EXERCISES (EXERCISE_ID,TYPE,KCAL_BURNED,NAME) values ('170','C','18','burpees');
Insert into Z13.EXERCISES (EXERCISE_ID,TYPE,KCAL_BURNED,NAME) values ('171','C','14','rope skipping');
Insert into Z13.EXERCISES (EXERCISE_ID,TYPE,KCAL_BURNED,NAME) values ('172','F','10','dumbbell farmer''s walk');
Insert into Z13.EXERCISES (EXERCISE_ID,TYPE,KCAL_BURNED,NAME) values ('174','F','12','battle ropes alternating waves');
Insert into Z13.EXERCISES (EXERCISE_ID,TYPE,KCAL_BURNED,NAME) values ('175','F','12','battle ropes side waves');
Insert into Z13.EXERCISES (EXERCISE_ID,TYPE,KCAL_BURNED,NAME) values ('176','F','12','battle ropes inside circles');
Insert into Z13.EXERCISES (EXERCISE_ID,TYPE,KCAL_BURNED,NAME) values ('177','F','12','battle ropes outside circles');
Insert into Z13.EXERCISES (EXERCISE_ID,TYPE,KCAL_BURNED,NAME) values ('178','F','10','battle ropes uppercuts');
Insert into Z13.EXERCISES (EXERCISE_ID,TYPE,KCAL_BURNED,NAME) values ('179','F','20','battle ropes jumping jacks');
Insert into Z13.EXERCISES (EXERCISE_ID,TYPE,KCAL_BURNED,NAME) values ('180','F','14','battle ropes slams');
Insert into Z13.EXERCISES (EXERCISE_ID,TYPE,KCAL_BURNED,NAME) values ('259','F','10','weighted wall sit');
Insert into Z13.EXERCISES (EXERCISE_ID,TYPE,KCAL_BURNED,NAME) values ('260','F','12','rowing');
Insert into Z13.EXERCISES (EXERCISE_ID,TYPE,KCAL_BURNED,NAME) values ('261','F','14','weighted running');
Insert into Z13.EXERCISES (EXERCISE_ID,TYPE,KCAL_BURNED,NAME) values ('262','F','10','weighted walking');
Insert into Z13.EXERCISES (EXERCISE_ID,TYPE,KCAL_BURNED,NAME) values ('263','F','11','weighted incline walking');
Insert into Z13.EXERCISES (EXERCISE_ID,TYPE,KCAL_BURNED,NAME) values ('264','F','12','weighted jumping jacks');
Insert into Z13.EXERCISES (EXERCISE_ID,TYPE,KCAL_BURNED,NAME) values ('265','F','10','weighted rope skipping');
REM INSERTING into Z13.EXERCISES_MUSCLES
SET DEFINE OFF;
Insert into Z13.EXERCISES_MUSCLES (ID,EXERCISE_ID,MUSCLE_ID) values ('1','1','4');
Insert into Z13.EXERCISES_MUSCLES (ID,EXERCISE_ID,MUSCLE_ID) values ('2','1','6');
Insert into Z13.EXERCISES_MUSCLES (ID,EXERCISE_ID,MUSCLE_ID) values ('3','1','9');
Insert into Z13.EXERCISES_MUSCLES (ID,EXERCISE_ID,MUSCLE_ID) values ('4','2','4');
Insert into Z13.EXERCISES_MUSCLES (ID,EXERCISE_ID,MUSCLE_ID) values ('5','2','6');
Insert into Z13.EXERCISES_MUSCLES (ID,EXERCISE_ID,MUSCLE_ID) values ('6','2','9');
Insert into Z13.EXERCISES_MUSCLES (ID,EXERCISE_ID,MUSCLE_ID) values ('7','3','6');
Insert into Z13.EXERCISES_MUSCLES (ID,EXERCISE_ID,MUSCLE_ID) values ('8','3','9');
Insert into Z13.EXERCISES_MUSCLES (ID,EXERCISE_ID,MUSCLE_ID) values ('9','4','6');
Insert into Z13.EXERCISES_MUSCLES (ID,EXERCISE_ID,MUSCLE_ID) values ('10','4','9');
Insert into Z13.EXERCISES_MUSCLES (ID,EXERCISE_ID,MUSCLE_ID) values ('11','5','9');
Insert into Z13.EXERCISES_MUSCLES (ID,EXERCISE_ID,MUSCLE_ID) values ('12','6','4');
Insert into Z13.EXERCISES_MUSCLES (ID,EXERCISE_ID,MUSCLE_ID) values ('13','7','4');
Insert into Z13.EXERCISES_MUSCLES (ID,EXERCISE_ID,MUSCLE_ID) values ('14','7','6');
Insert into Z13.EXERCISES_MUSCLES (ID,EXERCISE_ID,MUSCLE_ID) values ('15','7','9');
Insert into Z13.EXERCISES_MUSCLES (ID,EXERCISE_ID,MUSCLE_ID) values ('16','8','6');
Insert into Z13.EXERCISES_MUSCLES (ID,EXERCISE_ID,MUSCLE_ID) values ('17','9','9');
Insert into Z13.EXERCISES_MUSCLES (ID,EXERCISE_ID,MUSCLE_ID) values ('18','10','6');
Insert into Z13.EXERCISES_MUSCLES (ID,EXERCISE_ID,MUSCLE_ID) values ('19','11','4');
Insert into Z13.EXERCISES_MUSCLES (ID,EXERCISE_ID,MUSCLE_ID) values ('20','11','6');
Insert into Z13.EXERCISES_MUSCLES (ID,EXERCISE_ID,MUSCLE_ID) values ('21','12','6');
Insert into Z13.EXERCISES_MUSCLES (ID,EXERCISE_ID,MUSCLE_ID) values ('22','12','9');
Insert into Z13.EXERCISES_MUSCLES (ID,EXERCISE_ID,MUSCLE_ID) values ('23','13','9');
Insert into Z13.EXERCISES_MUSCLES (ID,EXERCISE_ID,MUSCLE_ID) values ('24','14','6');
Insert into Z13.EXERCISES_MUSCLES (ID,EXERCISE_ID,MUSCLE_ID) values ('25','15','4');
Insert into Z13.EXERCISES_MUSCLES (ID,EXERCISE_ID,MUSCLE_ID) values ('26','15','6');
Insert into Z13.EXERCISES_MUSCLES (ID,EXERCISE_ID,MUSCLE_ID) values ('27','15','9');
Insert into Z13.EXERCISES_MUSCLES (ID,EXERCISE_ID,MUSCLE_ID) values ('28','16','4');
Insert into Z13.EXERCISES_MUSCLES (ID,EXERCISE_ID,MUSCLE_ID) values ('29','16','6');
Insert into Z13.EXERCISES_MUSCLES (ID,EXERCISE_ID,MUSCLE_ID) values ('30','16','9');
Insert into Z13.EXERCISES_MUSCLES (ID,EXERCISE_ID,MUSCLE_ID) values ('31','17','4');
Insert into Z13.EXERCISES_MUSCLES (ID,EXERCISE_ID,MUSCLE_ID) values ('32','17','6');
Insert into Z13.EXERCISES_MUSCLES (ID,EXERCISE_ID,MUSCLE_ID) values ('33','17','9');
Insert into Z13.EXERCISES_MUSCLES (ID,EXERCISE_ID,MUSCLE_ID) values ('34','18','4');
Insert into Z13.EXERCISES_MUSCLES (ID,EXERCISE_ID,MUSCLE_ID) values ('35','18','6');
Insert into Z13.EXERCISES_MUSCLES (ID,EXERCISE_ID,MUSCLE_ID) values ('36','18','9');
Insert into Z13.EXERCISES_MUSCLES (ID,EXERCISE_ID,MUSCLE_ID) values ('37','19','4');
Insert into Z13.EXERCISES_MUSCLES (ID,EXERCISE_ID,MUSCLE_ID) values ('38','19','6');
Insert into Z13.EXERCISES_MUSCLES (ID,EXERCISE_ID,MUSCLE_ID) values ('39','19','9');
Insert into Z13.EXERCISES_MUSCLES (ID,EXERCISE_ID,MUSCLE_ID) values ('40','20','4');
Insert into Z13.EXERCISES_MUSCLES (ID,EXERCISE_ID,MUSCLE_ID) values ('41','21','5');
Insert into Z13.EXERCISES_MUSCLES (ID,EXERCISE_ID,MUSCLE_ID) values ('42','22','5');
Insert into Z13.EXERCISES_MUSCLES (ID,EXERCISE_ID,MUSCLE_ID) values ('43','23','5');
Insert into Z13.EXERCISES_MUSCLES (ID,EXERCISE_ID,MUSCLE_ID) values ('44','23','7');
Insert into Z13.EXERCISES_MUSCLES (ID,EXERCISE_ID,MUSCLE_ID) values ('45','24','5');
Insert into Z13.EXERCISES_MUSCLES (ID,EXERCISE_ID,MUSCLE_ID) values ('46','25','5');
Insert into Z13.EXERCISES_MUSCLES (ID,EXERCISE_ID,MUSCLE_ID) values ('47','25','7');
Insert into Z13.EXERCISES_MUSCLES (ID,EXERCISE_ID,MUSCLE_ID) values ('48','26','1');
Insert into Z13.EXERCISES_MUSCLES (ID,EXERCISE_ID,MUSCLE_ID) values ('49','26','2');
Insert into Z13.EXERCISES_MUSCLES (ID,EXERCISE_ID,MUSCLE_ID) values ('50','26','3');
Insert into Z13.EXERCISES_MUSCLES (ID,EXERCISE_ID,MUSCLE_ID) values ('51','26','5');
Insert into Z13.EXERCISES_MUSCLES (ID,EXERCISE_ID,MUSCLE_ID) values ('52','26','7');
Insert into Z13.EXERCISES_MUSCLES (ID,EXERCISE_ID,MUSCLE_ID) values ('53','26','8');
Insert into Z13.EXERCISES_MUSCLES (ID,EXERCISE_ID,MUSCLE_ID) values ('54','27','1');
Insert into Z13.EXERCISES_MUSCLES (ID,EXERCISE_ID,MUSCLE_ID) values ('55','27','2');
Insert into Z13.EXERCISES_MUSCLES (ID,EXERCISE_ID,MUSCLE_ID) values ('56','27','3');
Insert into Z13.EXERCISES_MUSCLES (ID,EXERCISE_ID,MUSCLE_ID) values ('57','27','5');
Insert into Z13.EXERCISES_MUSCLES (ID,EXERCISE_ID,MUSCLE_ID) values ('58','27','7');
Insert into Z13.EXERCISES_MUSCLES (ID,EXERCISE_ID,MUSCLE_ID) values ('59','27','8');
Insert into Z13.EXERCISES_MUSCLES (ID,EXERCISE_ID,MUSCLE_ID) values ('60','28','1');
Insert into Z13.EXERCISES_MUSCLES (ID,EXERCISE_ID,MUSCLE_ID) values ('61','28','2');
Insert into Z13.EXERCISES_MUSCLES (ID,EXERCISE_ID,MUSCLE_ID) values ('62','28','3');
Insert into Z13.EXERCISES_MUSCLES (ID,EXERCISE_ID,MUSCLE_ID) values ('63','28','5');
Insert into Z13.EXERCISES_MUSCLES (ID,EXERCISE_ID,MUSCLE_ID) values ('64','28','7');
Insert into Z13.EXERCISES_MUSCLES (ID,EXERCISE_ID,MUSCLE_ID) values ('65','28','8');
Insert into Z13.EXERCISES_MUSCLES (ID,EXERCISE_ID,MUSCLE_ID) values ('66','29','3');
Insert into Z13.EXERCISES_MUSCLES (ID,EXERCISE_ID,MUSCLE_ID) values ('67','29','5');
Insert into Z13.EXERCISES_MUSCLES (ID,EXERCISE_ID,MUSCLE_ID) values ('68','29','7');
Insert into Z13.EXERCISES_MUSCLES (ID,EXERCISE_ID,MUSCLE_ID) values ('69','30','2');
Insert into Z13.EXERCISES_MUSCLES (ID,EXERCISE_ID,MUSCLE_ID) values ('70','30','8');
Insert into Z13.EXERCISES_MUSCLES (ID,EXERCISE_ID,MUSCLE_ID) values ('71','31','2');
Insert into Z13.EXERCISES_MUSCLES (ID,EXERCISE_ID,MUSCLE_ID) values ('72','31','5');
Insert into Z13.EXERCISES_MUSCLES (ID,EXERCISE_ID,MUSCLE_ID) values ('73','32','7');
Insert into Z13.EXERCISES_MUSCLES (ID,EXERCISE_ID,MUSCLE_ID) values ('74','33','7');
Insert into Z13.EXERCISES_MUSCLES (ID,EXERCISE_ID,MUSCLE_ID) values ('75','34','7');
Insert into Z13.EXERCISES_MUSCLES (ID,EXERCISE_ID,MUSCLE_ID) values ('76','35','7');
Insert into Z13.EXERCISES_MUSCLES (ID,EXERCISE_ID,MUSCLE_ID) values ('77','36','5');
Insert into Z13.EXERCISES_MUSCLES (ID,EXERCISE_ID,MUSCLE_ID) values ('78','36','7');
Insert into Z13.EXERCISES_MUSCLES (ID,EXERCISE_ID,MUSCLE_ID) values ('79','37','5');
Insert into Z13.EXERCISES_MUSCLES (ID,EXERCISE_ID,MUSCLE_ID) values ('80','37','7');
Insert into Z13.EXERCISES_MUSCLES (ID,EXERCISE_ID,MUSCLE_ID) values ('81','38','3');
Insert into Z13.EXERCISES_MUSCLES (ID,EXERCISE_ID,MUSCLE_ID) values ('82','39','13');
Insert into Z13.EXERCISES_MUSCLES (ID,EXERCISE_ID,MUSCLE_ID) values ('83','39','14');
Insert into Z13.EXERCISES_MUSCLES (ID,EXERCISE_ID,MUSCLE_ID) values ('84','39','15');
Insert into Z13.EXERCISES_MUSCLES (ID,EXERCISE_ID,MUSCLE_ID) values ('85','39','16');
Insert into Z13.EXERCISES_MUSCLES (ID,EXERCISE_ID,MUSCLE_ID) values ('86','39','17');
Insert into Z13.EXERCISES_MUSCLES (ID,EXERCISE_ID,MUSCLE_ID) values ('87','40','13');
Insert into Z13.EXERCISES_MUSCLES (ID,EXERCISE_ID,MUSCLE_ID) values ('88','40','14');
Insert into Z13.EXERCISES_MUSCLES (ID,EXERCISE_ID,MUSCLE_ID) values ('89','40','15');
Insert into Z13.EXERCISES_MUSCLES (ID,EXERCISE_ID,MUSCLE_ID) values ('90','40','16');
Insert into Z13.EXERCISES_MUSCLES (ID,EXERCISE_ID,MUSCLE_ID) values ('91','40','17');
Insert into Z13.EXERCISES_MUSCLES (ID,EXERCISE_ID,MUSCLE_ID) values ('92','41','13');
Insert into Z13.EXERCISES_MUSCLES (ID,EXERCISE_ID,MUSCLE_ID) values ('93','41','14');
Insert into Z13.EXERCISES_MUSCLES (ID,EXERCISE_ID,MUSCLE_ID) values ('94','41','15');
Insert into Z13.EXERCISES_MUSCLES (ID,EXERCISE_ID,MUSCLE_ID) values ('95','41','16');
Insert into Z13.EXERCISES_MUSCLES (ID,EXERCISE_ID,MUSCLE_ID) values ('96','41','17');
Insert into Z13.EXERCISES_MUSCLES (ID,EXERCISE_ID,MUSCLE_ID) values ('97','42','13');
Insert into Z13.EXERCISES_MUSCLES (ID,EXERCISE_ID,MUSCLE_ID) values ('98','42','14');
Insert into Z13.EXERCISES_MUSCLES (ID,EXERCISE_ID,MUSCLE_ID) values ('99','42','15');
Insert into Z13.EXERCISES_MUSCLES (ID,EXERCISE_ID,MUSCLE_ID) values ('100','42','16');
Insert into Z13.EXERCISES_MUSCLES (ID,EXERCISE_ID,MUSCLE_ID) values ('101','42','17');
Insert into Z13.EXERCISES_MUSCLES (ID,EXERCISE_ID,MUSCLE_ID) values ('102','43','14');
Insert into Z13.EXERCISES_MUSCLES (ID,EXERCISE_ID,MUSCLE_ID) values ('103','44','13');
Insert into Z13.EXERCISES_MUSCLES (ID,EXERCISE_ID,MUSCLE_ID) values ('104','45','16');
Insert into Z13.EXERCISES_MUSCLES (ID,EXERCISE_ID,MUSCLE_ID) values ('105','46','16');
Insert into Z13.EXERCISES_MUSCLES (ID,EXERCISE_ID,MUSCLE_ID) values ('106','47','13');
Insert into Z13.EXERCISES_MUSCLES (ID,EXERCISE_ID,MUSCLE_ID) values ('107','47','14');
Insert into Z13.EXERCISES_MUSCLES (ID,EXERCISE_ID,MUSCLE_ID) values ('108','47','15');
Insert into Z13.EXERCISES_MUSCLES (ID,EXERCISE_ID,MUSCLE_ID) values ('109','47','16');
Insert into Z13.EXERCISES_MUSCLES (ID,EXERCISE_ID,MUSCLE_ID) values ('110','47','17');
Insert into Z13.EXERCISES_MUSCLES (ID,EXERCISE_ID,MUSCLE_ID) values ('111','48','13');
Insert into Z13.EXERCISES_MUSCLES (ID,EXERCISE_ID,MUSCLE_ID) values ('112','48','14');
Insert into Z13.EXERCISES_MUSCLES (ID,EXERCISE_ID,MUSCLE_ID) values ('113','48','15');
Insert into Z13.EXERCISES_MUSCLES (ID,EXERCISE_ID,MUSCLE_ID) values ('114','48','16');
Insert into Z13.EXERCISES_MUSCLES (ID,EXERCISE_ID,MUSCLE_ID) values ('115','48','17');
Insert into Z13.EXERCISES_MUSCLES (ID,EXERCISE_ID,MUSCLE_ID) values ('116','51','13');
Insert into Z13.EXERCISES_MUSCLES (ID,EXERCISE_ID,MUSCLE_ID) values ('117','51','14');
Insert into Z13.EXERCISES_MUSCLES (ID,EXERCISE_ID,MUSCLE_ID) values ('118','51','15');
Insert into Z13.EXERCISES_MUSCLES (ID,EXERCISE_ID,MUSCLE_ID) values ('119','51','16');
Insert into Z13.EXERCISES_MUSCLES (ID,EXERCISE_ID,MUSCLE_ID) values ('120','51','17');
Insert into Z13.EXERCISES_MUSCLES (ID,EXERCISE_ID,MUSCLE_ID) values ('121','52','2');
Insert into Z13.EXERCISES_MUSCLES (ID,EXERCISE_ID,MUSCLE_ID) values ('122','52','3');
Insert into Z13.EXERCISES_MUSCLES (ID,EXERCISE_ID,MUSCLE_ID) values ('123','52','5');
Insert into Z13.EXERCISES_MUSCLES (ID,EXERCISE_ID,MUSCLE_ID) values ('124','52','13');
Insert into Z13.EXERCISES_MUSCLES (ID,EXERCISE_ID,MUSCLE_ID) values ('125','52','14');
Insert into Z13.EXERCISES_MUSCLES (ID,EXERCISE_ID,MUSCLE_ID) values ('126','52','17');
Insert into Z13.EXERCISES_MUSCLES (ID,EXERCISE_ID,MUSCLE_ID) values ('127','53','2');
Insert into Z13.EXERCISES_MUSCLES (ID,EXERCISE_ID,MUSCLE_ID) values ('128','53','3');
Insert into Z13.EXERCISES_MUSCLES (ID,EXERCISE_ID,MUSCLE_ID) values ('129','53','13');
Insert into Z13.EXERCISES_MUSCLES (ID,EXERCISE_ID,MUSCLE_ID) values ('130','53','17');
Insert into Z13.EXERCISES_MUSCLES (ID,EXERCISE_ID,MUSCLE_ID) values ('131','54','2');
Insert into Z13.EXERCISES_MUSCLES (ID,EXERCISE_ID,MUSCLE_ID) values ('132','54','3');
Insert into Z13.EXERCISES_MUSCLES (ID,EXERCISE_ID,MUSCLE_ID) values ('133','54','13');
Insert into Z13.EXERCISES_MUSCLES (ID,EXERCISE_ID,MUSCLE_ID) values ('134','54','14');
Insert into Z13.EXERCISES_MUSCLES (ID,EXERCISE_ID,MUSCLE_ID) values ('135','54','15');
Insert into Z13.EXERCISES_MUSCLES (ID,EXERCISE_ID,MUSCLE_ID) values ('136','54','17');
Insert into Z13.EXERCISES_MUSCLES (ID,EXERCISE_ID,MUSCLE_ID) values ('137','55','2');
Insert into Z13.EXERCISES_MUSCLES (ID,EXERCISE_ID,MUSCLE_ID) values ('138','55','3');
Insert into Z13.EXERCISES_MUSCLES (ID,EXERCISE_ID,MUSCLE_ID) values ('139','55','7');
Insert into Z13.EXERCISES_MUSCLES (ID,EXERCISE_ID,MUSCLE_ID) values ('140','55','16');
Insert into Z13.EXERCISES_MUSCLES (ID,EXERCISE_ID,MUSCLE_ID) values ('141','55','17');
Insert into Z13.EXERCISES_MUSCLES (ID,EXERCISE_ID,MUSCLE_ID) values ('142','56','1');
Insert into Z13.EXERCISES_MUSCLES (ID,EXERCISE_ID,MUSCLE_ID) values ('143','56','2');
Insert into Z13.EXERCISES_MUSCLES (ID,EXERCISE_ID,MUSCLE_ID) values ('144','57','10');
Insert into Z13.EXERCISES_MUSCLES (ID,EXERCISE_ID,MUSCLE_ID) values ('145','58','10');
Insert into Z13.EXERCISES_MUSCLES (ID,EXERCISE_ID,MUSCLE_ID) values ('146','59','10');
Insert into Z13.EXERCISES_MUSCLES (ID,EXERCISE_ID,MUSCLE_ID) values ('147','60','10');
Insert into Z13.EXERCISES_MUSCLES (ID,EXERCISE_ID,MUSCLE_ID) values ('148','61','10');
Insert into Z13.EXERCISES_MUSCLES (ID,EXERCISE_ID,MUSCLE_ID) values ('149','61','11');
Insert into Z13.EXERCISES_MUSCLES (ID,EXERCISE_ID,MUSCLE_ID) values ('150','62','19');
Insert into Z13.EXERCISES_MUSCLES (ID,EXERCISE_ID,MUSCLE_ID) values ('151','63','19');
Insert into Z13.EXERCISES_MUSCLES (ID,EXERCISE_ID,MUSCLE_ID) values ('152','64','2');
Insert into Z13.EXERCISES_MUSCLES (ID,EXERCISE_ID,MUSCLE_ID) values ('153','64','8');
Insert into Z13.EXERCISES_MUSCLES (ID,EXERCISE_ID,MUSCLE_ID) values ('154','64','9');
Insert into Z13.EXERCISES_MUSCLES (ID,EXERCISE_ID,MUSCLE_ID) values ('155','65','2');
Insert into Z13.EXERCISES_MUSCLES (ID,EXERCISE_ID,MUSCLE_ID) values ('156','65','8');
Insert into Z13.EXERCISES_MUSCLES (ID,EXERCISE_ID,MUSCLE_ID) values ('157','65','9');
Insert into Z13.EXERCISES_MUSCLES (ID,EXERCISE_ID,MUSCLE_ID) values ('158','66','10');
Insert into Z13.EXERCISES_MUSCLES (ID,EXERCISE_ID,MUSCLE_ID) values ('159','66','11');
Insert into Z13.EXERCISES_MUSCLES (ID,EXERCISE_ID,MUSCLE_ID) values ('160','67','10');
Insert into Z13.EXERCISES_MUSCLES (ID,EXERCISE_ID,MUSCLE_ID) values ('161','67','11');
Insert into Z13.EXERCISES_MUSCLES (ID,EXERCISE_ID,MUSCLE_ID) values ('162','67','17');
Insert into Z13.EXERCISES_MUSCLES (ID,EXERCISE_ID,MUSCLE_ID) values ('163','68','13');
Insert into Z13.EXERCISES_MUSCLES (ID,EXERCISE_ID,MUSCLE_ID) values ('164','68','14');
Insert into Z13.EXERCISES_MUSCLES (ID,EXERCISE_ID,MUSCLE_ID) values ('165','68','16');
Insert into Z13.EXERCISES_MUSCLES (ID,EXERCISE_ID,MUSCLE_ID) values ('166','69','13');
Insert into Z13.EXERCISES_MUSCLES (ID,EXERCISE_ID,MUSCLE_ID) values ('167','69','14');
Insert into Z13.EXERCISES_MUSCLES (ID,EXERCISE_ID,MUSCLE_ID) values ('168','69','16');
Insert into Z13.EXERCISES_MUSCLES (ID,EXERCISE_ID,MUSCLE_ID) values ('169','70','13');
Insert into Z13.EXERCISES_MUSCLES (ID,EXERCISE_ID,MUSCLE_ID) values ('170','70','14');
Insert into Z13.EXERCISES_MUSCLES (ID,EXERCISE_ID,MUSCLE_ID) values ('171','70','16');
Insert into Z13.EXERCISES_MUSCLES (ID,EXERCISE_ID,MUSCLE_ID) values ('172','71','13');
Insert into Z13.EXERCISES_MUSCLES (ID,EXERCISE_ID,MUSCLE_ID) values ('173','71','14');
Insert into Z13.EXERCISES_MUSCLES (ID,EXERCISE_ID,MUSCLE_ID) values ('174','71','16');
Insert into Z13.EXERCISES_MUSCLES (ID,EXERCISE_ID,MUSCLE_ID) values ('175','72','1');
Insert into Z13.EXERCISES_MUSCLES (ID,EXERCISE_ID,MUSCLE_ID) values ('176','72','2');
Insert into Z13.EXERCISES_MUSCLES (ID,EXERCISE_ID,MUSCLE_ID) values ('177','72','4');
Insert into Z13.EXERCISES_MUSCLES (ID,EXERCISE_ID,MUSCLE_ID) values ('178','72','5');
Insert into Z13.EXERCISES_MUSCLES (ID,EXERCISE_ID,MUSCLE_ID) values ('179','72','6');
Insert into Z13.EXERCISES_MUSCLES (ID,EXERCISE_ID,MUSCLE_ID) values ('180','72','8');
Insert into Z13.EXERCISES_MUSCLES (ID,EXERCISE_ID,MUSCLE_ID) values ('181','72','9');
Insert into Z13.EXERCISES_MUSCLES (ID,EXERCISE_ID,MUSCLE_ID) values ('182','72','10');
Insert into Z13.EXERCISES_MUSCLES (ID,EXERCISE_ID,MUSCLE_ID) values ('183','72','11');
Insert into Z13.EXERCISES_MUSCLES (ID,EXERCISE_ID,MUSCLE_ID) values ('184','72','13');
Insert into Z13.EXERCISES_MUSCLES (ID,EXERCISE_ID,MUSCLE_ID) values ('185','72','14');
Insert into Z13.EXERCISES_MUSCLES (ID,EXERCISE_ID,MUSCLE_ID) values ('186','72','16');
Insert into Z13.EXERCISES_MUSCLES (ID,EXERCISE_ID,MUSCLE_ID) values ('187','73','13');
Insert into Z13.EXERCISES_MUSCLES (ID,EXERCISE_ID,MUSCLE_ID) values ('188','73','14');
Insert into Z13.EXERCISES_MUSCLES (ID,EXERCISE_ID,MUSCLE_ID) values ('189','73','16');
Insert into Z13.EXERCISES_MUSCLES (ID,EXERCISE_ID,MUSCLE_ID) values ('190','73','17');
Insert into Z13.EXERCISES_MUSCLES (ID,EXERCISE_ID,MUSCLE_ID) values ('191','74','2');
Insert into Z13.EXERCISES_MUSCLES (ID,EXERCISE_ID,MUSCLE_ID) values ('192','74','8');
Insert into Z13.EXERCISES_MUSCLES (ID,EXERCISE_ID,MUSCLE_ID) values ('193','74','14');
Insert into Z13.EXERCISES_MUSCLES (ID,EXERCISE_ID,MUSCLE_ID) values ('194','74','16');
Insert into Z13.EXERCISES_MUSCLES (ID,EXERCISE_ID,MUSCLE_ID) values ('195','75','15');
Insert into Z13.EXERCISES_MUSCLES (ID,EXERCISE_ID,MUSCLE_ID) values ('196','75','17');
Insert into Z13.EXERCISES_MUSCLES (ID,EXERCISE_ID,MUSCLE_ID) values ('197','76','12');
Insert into Z13.EXERCISES_MUSCLES (ID,EXERCISE_ID,MUSCLE_ID) values ('198','76','17');
Insert into Z13.EXERCISES_MUSCLES (ID,EXERCISE_ID,MUSCLE_ID) values ('199','77','1');
Insert into Z13.EXERCISES_MUSCLES (ID,EXERCISE_ID,MUSCLE_ID) values ('200','77','2');
Insert into Z13.EXERCISES_MUSCLES (ID,EXERCISE_ID,MUSCLE_ID) values ('201','77','3');
Insert into Z13.EXERCISES_MUSCLES (ID,EXERCISE_ID,MUSCLE_ID) values ('202','77','5');
Insert into Z13.EXERCISES_MUSCLES (ID,EXERCISE_ID,MUSCLE_ID) values ('203','77','7');
Insert into Z13.EXERCISES_MUSCLES (ID,EXERCISE_ID,MUSCLE_ID) values ('258','168','14');
Insert into Z13.EXERCISES_MUSCLES (ID,EXERCISE_ID,MUSCLE_ID) values ('259','168','13');
Insert into Z13.EXERCISES_MUSCLES (ID,EXERCISE_ID,MUSCLE_ID) values ('260','168','16');
Insert into Z13.EXERCISES_MUSCLES (ID,EXERCISE_ID,MUSCLE_ID) values ('261','168','17');
Insert into Z13.EXERCISES_MUSCLES (ID,EXERCISE_ID,MUSCLE_ID) values ('262','169','14');
Insert into Z13.EXERCISES_MUSCLES (ID,EXERCISE_ID,MUSCLE_ID) values ('263','169','13');
Insert into Z13.EXERCISES_MUSCLES (ID,EXERCISE_ID,MUSCLE_ID) values ('264','169','17');
Insert into Z13.EXERCISES_MUSCLES (ID,EXERCISE_ID,MUSCLE_ID) values ('265','169','10');
Insert into Z13.EXERCISES_MUSCLES (ID,EXERCISE_ID,MUSCLE_ID) values ('266','170','4');
Insert into Z13.EXERCISES_MUSCLES (ID,EXERCISE_ID,MUSCLE_ID) values ('267','170','6');
Insert into Z13.EXERCISES_MUSCLES (ID,EXERCISE_ID,MUSCLE_ID) values ('268','170','14');
Insert into Z13.EXERCISES_MUSCLES (ID,EXERCISE_ID,MUSCLE_ID) values ('269','170','13');
Insert into Z13.EXERCISES_MUSCLES (ID,EXERCISE_ID,MUSCLE_ID) values ('270','170','10');
Insert into Z13.EXERCISES_MUSCLES (ID,EXERCISE_ID,MUSCLE_ID) values ('271','170','9');
Insert into Z13.EXERCISES_MUSCLES (ID,EXERCISE_ID,MUSCLE_ID) values ('272','171','16');
Insert into Z13.EXERCISES_MUSCLES (ID,EXERCISE_ID,MUSCLE_ID) values ('273','171','14');
Insert into Z13.EXERCISES_MUSCLES (ID,EXERCISE_ID,MUSCLE_ID) values ('274','171','13');
Insert into Z13.EXERCISES_MUSCLES (ID,EXERCISE_ID,MUSCLE_ID) values ('275','171','10');
Insert into Z13.EXERCISES_MUSCLES (ID,EXERCISE_ID,MUSCLE_ID) values ('276','171','7');
Insert into Z13.EXERCISES_MUSCLES (ID,EXERCISE_ID,MUSCLE_ID) values ('277','171','17');
Insert into Z13.EXERCISES_MUSCLES (ID,EXERCISE_ID,MUSCLE_ID) values ('340','172','7');
Insert into Z13.EXERCISES_MUSCLES (ID,EXERCISE_ID,MUSCLE_ID) values ('341','172','8');
Insert into Z13.EXERCISES_MUSCLES (ID,EXERCISE_ID,MUSCLE_ID) values ('342','172','3');
Insert into Z13.EXERCISES_MUSCLES (ID,EXERCISE_ID,MUSCLE_ID) values ('343','172','16');
Insert into Z13.EXERCISES_MUSCLES (ID,EXERCISE_ID,MUSCLE_ID) values ('344','174','5');
Insert into Z13.EXERCISES_MUSCLES (ID,EXERCISE_ID,MUSCLE_ID) values ('345','174','2');
Insert into Z13.EXERCISES_MUSCLES (ID,EXERCISE_ID,MUSCLE_ID) values ('346','174','10');
Insert into Z13.EXERCISES_MUSCLES (ID,EXERCISE_ID,MUSCLE_ID) values ('347','175','5');
Insert into Z13.EXERCISES_MUSCLES (ID,EXERCISE_ID,MUSCLE_ID) values ('348','175','2');
Insert into Z13.EXERCISES_MUSCLES (ID,EXERCISE_ID,MUSCLE_ID) values ('349','176','5');
Insert into Z13.EXERCISES_MUSCLES (ID,EXERCISE_ID,MUSCLE_ID) values ('350','176','2');
Insert into Z13.EXERCISES_MUSCLES (ID,EXERCISE_ID,MUSCLE_ID) values ('351','176','10');
Insert into Z13.EXERCISES_MUSCLES (ID,EXERCISE_ID,MUSCLE_ID) values ('352','177','5');
Insert into Z13.EXERCISES_MUSCLES (ID,EXERCISE_ID,MUSCLE_ID) values ('353','177','2');
Insert into Z13.EXERCISES_MUSCLES (ID,EXERCISE_ID,MUSCLE_ID) values ('354','177','10');
Insert into Z13.EXERCISES_MUSCLES (ID,EXERCISE_ID,MUSCLE_ID) values ('355','178','5');
Insert into Z13.EXERCISES_MUSCLES (ID,EXERCISE_ID,MUSCLE_ID) values ('356','178','2');
Insert into Z13.EXERCISES_MUSCLES (ID,EXERCISE_ID,MUSCLE_ID) values ('357','178','10');
Insert into Z13.EXERCISES_MUSCLES (ID,EXERCISE_ID,MUSCLE_ID) values ('358','179','14');
Insert into Z13.EXERCISES_MUSCLES (ID,EXERCISE_ID,MUSCLE_ID) values ('359','179','13');
Insert into Z13.EXERCISES_MUSCLES (ID,EXERCISE_ID,MUSCLE_ID) values ('360','179','10');
Insert into Z13.EXERCISES_MUSCLES (ID,EXERCISE_ID,MUSCLE_ID) values ('361','179','16');
Insert into Z13.EXERCISES_MUSCLES (ID,EXERCISE_ID,MUSCLE_ID) values ('309','259','10');
Insert into Z13.EXERCISES_MUSCLES (ID,EXERCISE_ID,MUSCLE_ID) values ('310','259','11');
Insert into Z13.EXERCISES_MUSCLES (ID,EXERCISE_ID,MUSCLE_ID) values ('311','259','14');
Insert into Z13.EXERCISES_MUSCLES (ID,EXERCISE_ID,MUSCLE_ID) values ('312','259','16');
Insert into Z13.EXERCISES_MUSCLES (ID,EXERCISE_ID,MUSCLE_ID) values ('313','259','17');
Insert into Z13.EXERCISES_MUSCLES (ID,EXERCISE_ID,MUSCLE_ID) values ('314','260','1');
Insert into Z13.EXERCISES_MUSCLES (ID,EXERCISE_ID,MUSCLE_ID) values ('315','260','2');
Insert into Z13.EXERCISES_MUSCLES (ID,EXERCISE_ID,MUSCLE_ID) values ('316','260','3');
Insert into Z13.EXERCISES_MUSCLES (ID,EXERCISE_ID,MUSCLE_ID) values ('317','260','6');
Insert into Z13.EXERCISES_MUSCLES (ID,EXERCISE_ID,MUSCLE_ID) values ('318','260','13');
Insert into Z13.EXERCISES_MUSCLES (ID,EXERCISE_ID,MUSCLE_ID) values ('319','261','10');
Insert into Z13.EXERCISES_MUSCLES (ID,EXERCISE_ID,MUSCLE_ID) values ('320','261','11');
Insert into Z13.EXERCISES_MUSCLES (ID,EXERCISE_ID,MUSCLE_ID) values ('321','261','14');
Insert into Z13.EXERCISES_MUSCLES (ID,EXERCISE_ID,MUSCLE_ID) values ('322','261','16');
Insert into Z13.EXERCISES_MUSCLES (ID,EXERCISE_ID,MUSCLE_ID) values ('323','261','17');
Insert into Z13.EXERCISES_MUSCLES (ID,EXERCISE_ID,MUSCLE_ID) values ('324','262','10');
Insert into Z13.EXERCISES_MUSCLES (ID,EXERCISE_ID,MUSCLE_ID) values ('325','262','14');
Insert into Z13.EXERCISES_MUSCLES (ID,EXERCISE_ID,MUSCLE_ID) values ('326','262','16');
Insert into Z13.EXERCISES_MUSCLES (ID,EXERCISE_ID,MUSCLE_ID) values ('327','262','17');
Insert into Z13.EXERCISES_MUSCLES (ID,EXERCISE_ID,MUSCLE_ID) values ('328','263','10');
Insert into Z13.EXERCISES_MUSCLES (ID,EXERCISE_ID,MUSCLE_ID) values ('329','263','14');
Insert into Z13.EXERCISES_MUSCLES (ID,EXERCISE_ID,MUSCLE_ID) values ('330','263','16');
Insert into Z13.EXERCISES_MUSCLES (ID,EXERCISE_ID,MUSCLE_ID) values ('331','263','17');
Insert into Z13.EXERCISES_MUSCLES (ID,EXERCISE_ID,MUSCLE_ID) values ('332','264','10');
Insert into Z13.EXERCISES_MUSCLES (ID,EXERCISE_ID,MUSCLE_ID) values ('333','264','14');
Insert into Z13.EXERCISES_MUSCLES (ID,EXERCISE_ID,MUSCLE_ID) values ('334','264','16');
Insert into Z13.EXERCISES_MUSCLES (ID,EXERCISE_ID,MUSCLE_ID) values ('335','264','17');
Insert into Z13.EXERCISES_MUSCLES (ID,EXERCISE_ID,MUSCLE_ID) values ('336','265','10');
Insert into Z13.EXERCISES_MUSCLES (ID,EXERCISE_ID,MUSCLE_ID) values ('337','265','14');
Insert into Z13.EXERCISES_MUSCLES (ID,EXERCISE_ID,MUSCLE_ID) values ('338','265','16');
Insert into Z13.EXERCISES_MUSCLES (ID,EXERCISE_ID,MUSCLE_ID) values ('339','265','17');
REM INSERTING into Z13.FRIENDSHIPS
SET DEFINE OFF;
Insert into Z13.FRIENDSHIPS (ID,FRIEND1_USERNAME,FRIEND2_USERNAME,CREATED_AT) values ('60','milosz','skuter',to_timestamp('25/01/16 19:13:12,521963000','RR/MM/DD HH24:MI:SSXFF'));
Insert into Z13.FRIENDSHIPS (ID,FRIEND1_USERNAME,FRIEND2_USERNAME,CREATED_AT) values ('51','pedziwiatr','milosz',to_timestamp('25/01/16 14:24:40,000000000','RR/MM/DD HH24:MI:SSXFF'));
REM INSERTING into Z13.MUSCLES
SET DEFINE OFF;
Insert into Z13.MUSCLES (MUSCLE_ID,MUSCLE_NAME) values ('1','trapezius');
Insert into Z13.MUSCLES (MUSCLE_ID,MUSCLE_NAME) values ('2','upper-back');
Insert into Z13.MUSCLES (MUSCLE_ID,MUSCLE_NAME) values ('3','lower-back');
Insert into Z13.MUSCLES (MUSCLE_ID,MUSCLE_NAME) values ('4','chest');
Insert into Z13.MUSCLES (MUSCLE_ID,MUSCLE_NAME) values ('5','biceps');
Insert into Z13.MUSCLES (MUSCLE_ID,MUSCLE_NAME) values ('6','triceps');
Insert into Z13.MUSCLES (MUSCLE_ID,MUSCLE_NAME) values ('7','forearm');
Insert into Z13.MUSCLES (MUSCLE_ID,MUSCLE_NAME) values ('8','back-deltoids');
Insert into Z13.MUSCLES (MUSCLE_ID,MUSCLE_NAME) values ('9','front-deltoids');
Insert into Z13.MUSCLES (MUSCLE_ID,MUSCLE_NAME) values ('10','abs');
Insert into Z13.MUSCLES (MUSCLE_ID,MUSCLE_NAME) values ('11','obliques');
Insert into Z13.MUSCLES (MUSCLE_ID,MUSCLE_NAME) values ('12','adductor');
Insert into Z13.MUSCLES (MUSCLE_ID,MUSCLE_NAME) values ('13','hamstring');
Insert into Z13.MUSCLES (MUSCLE_ID,MUSCLE_NAME) values ('14','quadriceps');
Insert into Z13.MUSCLES (MUSCLE_ID,MUSCLE_NAME) values ('15','abductors');
Insert into Z13.MUSCLES (MUSCLE_ID,MUSCLE_NAME) values ('16','calves');
Insert into Z13.MUSCLES (MUSCLE_ID,MUSCLE_NAME) values ('17','gluteal');
Insert into Z13.MUSCLES (MUSCLE_ID,MUSCLE_NAME) values ('18','head');
Insert into Z13.MUSCLES (MUSCLE_ID,MUSCLE_NAME) values ('19','neck');
REM INSERTING into Z13.POST_REACTIONS
SET DEFINE OFF;
Insert into Z13.POST_REACTIONS (POST_REACTION_ID,POST_ID,AUTHOR_USERNAME) values ('67','28','skuter');
Insert into Z13.POST_REACTIONS (POST_REACTION_ID,POST_ID,AUTHOR_USERNAME) values ('59','28','milosz');
Insert into Z13.POST_REACTIONS (POST_REACTION_ID,POST_ID,AUTHOR_USERNAME) values ('60','53','pedziwiatr');
Insert into Z13.POST_REACTIONS (POST_REACTION_ID,POST_ID,AUTHOR_USERNAME) values ('65','55','skuter');
REM INSERTING into Z13.POSTS
SET DEFINE OFF;
Insert into Z13.POSTS (POST_ID,AUTHOR_USERNAME,POST_DATE,TITLE,WORKOUT_ID,CONTENT) values ('56','milosz',to_timestamp('25/01/16 19:13:38,958759000','RR/MM/DD HH24:MI:SSXFF'),'Moj trening','68','asddasd');
Insert into Z13.POSTS (POST_ID,AUTHOR_USERNAME,POST_DATE,TITLE,WORKOUT_ID,CONTENT) values ('55','skuter',to_timestamp('25/01/16 17:28:42,306883000','RR/MM/DD HH24:MI:SSXFF'),'very funny workout','72','im sigma');
Insert into Z13.POSTS (POST_ID,AUTHOR_USERNAME,POST_DATE,TITLE,WORKOUT_ID,CONTENT) values ('61','mandrysz',to_timestamp('25/01/19 16:09:58,668659000','RR/MM/DD HH24:MI:SSXFF'),'Trening elo','98','pozdro');
Insert into Z13.POSTS (POST_ID,AUTHOR_USERNAME,POST_DATE,TITLE,WORKOUT_ID,CONTENT) values ('28','pedziwiatr',to_timestamp('14/01/03 21:16:06,000000000','RR/MM/DD HH24:MI:SSXFF'),'Trening pleców','6','przetrenowane plecki pyk pyk cyk myk pyk');
Insert into Z13.POSTS (POST_ID,AUTHOR_USERNAME,POST_DATE,TITLE,WORKOUT_ID,CONTENT) values ('53','milosz',to_timestamp('25/01/16 05:17:07,414611000','RR/MM/DD HH24:MI:SSXFF'),'Pierwszy trening','48','pozdro');
REM INSERTING into Z13.TOKEN
SET DEFINE OFF;
Insert into Z13.TOKEN (EMAIL,VERIFICATION_TOKEN,RESET_TOKEN,RESET_EXPIRY) values ('siemionek.kacper22@gmail.com',null,null,null);
Insert into Z13.TOKEN (EMAIL,VERIFICATION_TOKEN,RESET_TOKEN,RESET_EXPIRY) values ('milosz@vveb.name',null,null,null);
Insert into Z13.TOKEN (EMAIL,VERIFICATION_TOKEN,RESET_TOKEN,RESET_EXPIRY) values ('mandryszczuk2005@gmail.com',null,null,null);
Insert into Z13.TOKEN (EMAIL,VERIFICATION_TOKEN,RESET_TOKEN,RESET_EXPIRY) values ('michalpedziwiatrr@gmail.com',null,null,null);
REM INSERTING into Z13.USERS
SET DEFINE OFF;
Insert into Z13.USERS (USERNAME,NAME,SURNAME,EMAIL,PASSWORD,WEIGHT,HEIGHT,VERIFIED,FAVORITE_EXERCISE,AVATAR) values ('pedziwiatr','Michał','Pędziwiatr','michalpedziwiatrr@gmail.com','$2a$10$WZYQkbAlzYG6RZ5WOR6E8unZeJOiRj4IWqWQdXJ0man2wXT82gWJy','90','192','1','4',null);
Insert into Z13.USERS (USERNAME,NAME,SURNAME,EMAIL,PASSWORD,WEIGHT,HEIGHT,VERIFIED,FAVORITE_EXERCISE,AVATAR) values ('skuter','Kacper','Siemionek','siemionek.kacper22@gmail.com','$2a$10$L7nm0NNb4RXhwmjF1agaTONPolIfuKqnt7LphbKYFriLUTLYUN1VW','75','175','1','12','#4b7fc4');
Insert into Z13.USERS (USERNAME,NAME,SURNAME,EMAIL,PASSWORD,WEIGHT,HEIGHT,VERIFIED,FAVORITE_EXERCISE,AVATAR) values ('mandrysz','Milosz','Andry','milosz@vveb.name','$2a$10$MrU2p.phXHz7EIwbDMj21.uMdUj2EsRQPUL7F6WKU9frYbPuER2JW',null,null,'1',null,null);
Insert into Z13.USERS (USERNAME,NAME,SURNAME,EMAIL,PASSWORD,WEIGHT,HEIGHT,VERIFIED,FAVORITE_EXERCISE,AVATAR) values ('milosz','Milosz','Andry','mandryszczuk2005@gmail.com','$2a$10$2ortaiqJbaNMwQDQleRWLuraWJp3SusxO80SY/JUA0geLW7zf9s/S','80','190','1',null,'#4b7fc4');
REM INSERTING into Z13.WORKOUTS
SET DEFINE OFF;
Insert into Z13.WORKOUTS (WORKOUT_ID,START_DATETIME,USERNAME,END_DATETIME,DESCRIPTION,CREATED_DATETIME,IS_POSTED) values ('71',to_timestamp('24/12/04 23:00:00,000000000','RR/MM/DD HH24:MI:SSXFF'),'skuter',to_timestamp('24/12/05 16:00:00,000000000','RR/MM/DD HH24:MI:SSXFF'),'harder better faster stronger',to_timestamp('25/01/16 17:06:58,538735000','RR/MM/DD HH24:MI:SSXFF'),'0');
Insert into Z13.WORKOUTS (WORKOUT_ID,START_DATETIME,USERNAME,END_DATETIME,DESCRIPTION,CREATED_DATETIME,IS_POSTED) values ('2',to_timestamp('24/01/31 23:00:00,000000000','RR/MM/DD HH24:MI:SSXFF'),'pedziwiatr',to_timestamp('24/12/06 23:00:00,000000000','RR/MM/DD HH24:MI:SSXFF'),'ugabuga',to_timestamp('24/12/03 15:28:00,012175000','RR/MM/DD HH24:MI:SSXFF'),'0');
Insert into Z13.WORKOUTS (WORKOUT_ID,START_DATETIME,USERNAME,END_DATETIME,DESCRIPTION,CREATED_DATETIME,IS_POSTED) values ('3',to_timestamp('24/11/30 17:00:00,000000000','RR/MM/DD HH24:MI:SSXFF'),'pedziwiatr',to_timestamp('24/11/30 18:30:00,000000000','RR/MM/DD HH24:MI:SSXFF'),'amazing push day',to_timestamp('24/12/04 01:20:56,984848000','RR/MM/DD HH24:MI:SSXFF'),'0');
Insert into Z13.WORKOUTS (WORKOUT_ID,START_DATETIME,USERNAME,END_DATETIME,DESCRIPTION,CREATED_DATETIME,IS_POSTED) values ('6',to_timestamp('24/07/15 08:00:00,000000000','RR/MM/DD HH24:MI:SSXFF'),'pedziwiatr',to_timestamp('24/07/15 10:00:00,000000000','RR/MM/DD HH24:MI:SSXFF'),'growing out wings',to_timestamp('24/12/04 17:42:11,194051000','RR/MM/DD HH24:MI:SSXFF'),'1');
Insert into Z13.WORKOUTS (WORKOUT_ID,START_DATETIME,USERNAME,END_DATETIME,DESCRIPTION,CREATED_DATETIME,IS_POSTED) values ('72',to_timestamp('24/12/11 23:00:00,000000000','RR/MM/DD HH24:MI:SSXFF'),'skuter',to_timestamp('24/12/12 14:00:00,000000000','RR/MM/DD HH24:MI:SSXFF'),'sigma workout',to_timestamp('25/01/16 17:13:38,250215000','RR/MM/DD HH24:MI:SSXFF'),'1');
Insert into Z13.WORKOUTS (WORKOUT_ID,START_DATETIME,USERNAME,END_DATETIME,DESCRIPTION,CREATED_DATETIME,IS_POSTED) values ('98',to_timestamp('25/01/19 00:00:00,000000000','RR/MM/DD HH24:MI:SSXFF'),'mandrysz',to_timestamp('25/01/19 00:00:00,000000000','RR/MM/DD HH24:MI:SSXFF'),'New3',to_timestamp('25/01/19 01:48:06,695187000','RR/MM/DD HH24:MI:SSXFF'),'1');
Insert into Z13.WORKOUTS (WORKOUT_ID,START_DATETIME,USERNAME,END_DATETIME,DESCRIPTION,CREATED_DATETIME,IS_POSTED) values ('54',to_timestamp('25/01/15 03:14:00,000000000','RR/MM/DD HH24:MI:SSXFF'),'milosz',to_timestamp('25/01/15 07:34:00,000000000','RR/MM/DD HH24:MI:SSXFF'),'more kgs',to_timestamp('25/01/16 00:14:57,212164000','RR/MM/DD HH24:MI:SSXFF'),'0');
Insert into Z13.WORKOUTS (WORKOUT_ID,START_DATETIME,USERNAME,END_DATETIME,DESCRIPTION,CREATED_DATETIME,IS_POSTED) values ('82',to_timestamp('24/01/20 00:00:00,000000000','RR/MM/DD HH24:MI:SSXFF'),'skuter',to_timestamp('24/01/20 02:10:00,000000000','RR/MM/DD HH24:MI:SSXFF'),null,to_timestamp('25/01/18 15:43:58,597965000','RR/MM/DD HH24:MI:SSXFF'),'0');
Insert into Z13.WORKOUTS (WORKOUT_ID,START_DATETIME,USERNAME,END_DATETIME,DESCRIPTION,CREATED_DATETIME,IS_POSTED) values ('97',to_timestamp('25/01/19 00:00:00,000000000','RR/MM/DD HH24:MI:SSXFF'),'mandrysz',to_timestamp('25/01/19 00:00:00,000000000','RR/MM/DD HH24:MI:SSXFF'),'New3',to_timestamp('25/01/19 01:44:26,468488000','RR/MM/DD HH24:MI:SSXFF'),'0');
Insert into Z13.WORKOUTS (WORKOUT_ID,START_DATETIME,USERNAME,END_DATETIME,DESCRIPTION,CREATED_DATETIME,IS_POSTED) values ('90',to_timestamp('25/01/17 03:15:00,000000000','RR/MM/DD HH24:MI:SSXFF'),'skuter',to_timestamp('25/01/18 03:14:00,000000000','RR/MM/DD HH24:MI:SSXFF'),'copied',to_timestamp('25/01/19 01:13:27,124846000','RR/MM/DD HH24:MI:SSXFF'),'0');
Insert into Z13.WORKOUTS (WORKOUT_ID,START_DATETIME,USERNAME,END_DATETIME,DESCRIPTION,CREATED_DATETIME,IS_POSTED) values ('48',to_timestamp('24/01/15 03:14:00,000000000','RR/MM/DD HH24:MI:SSXFF'),'milosz',to_timestamp('24/01/15 10:26:00,000000000','RR/MM/DD HH24:MI:SSXFF'),'testing new exercises',to_timestamp('25/01/15 22:21:23,827406000','RR/MM/DD HH24:MI:SSXFF'),'1');
Insert into Z13.WORKOUTS (WORKOUT_ID,START_DATETIME,USERNAME,END_DATETIME,DESCRIPTION,CREATED_DATETIME,IS_POSTED) values ('96',to_timestamp('25/01/19 00:00:00,000000000','RR/MM/DD HH24:MI:SSXFF'),'mandrysz',to_timestamp('25/01/19 00:00:00,000000000','RR/MM/DD HH24:MI:SSXFF'),'New2',to_timestamp('25/01/19 01:43:25,125303000','RR/MM/DD HH24:MI:SSXFF'),'0');
Insert into Z13.WORKOUTS (WORKOUT_ID,START_DATETIME,USERNAME,END_DATETIME,DESCRIPTION,CREATED_DATETIME,IS_POSTED) values ('68',to_timestamp('25/01/08 03:15:00,000000000','RR/MM/DD HH24:MI:SSXFF'),'milosz',to_timestamp('25/01/16 08:38:00,000000000','RR/MM/DD HH24:MI:SSXFF'),'gym is my passion',to_timestamp('25/01/16 14:34:05,511273000','RR/MM/DD HH24:MI:SSXFF'),'1');
Insert into Z13.WORKOUTS (WORKOUT_ID,START_DATETIME,USERNAME,END_DATETIME,DESCRIPTION,CREATED_DATETIME,IS_POSTED) values ('70',to_timestamp('24/12/01 22:00:00,000000000','RR/MM/DD HH24:MI:SSXFF'),'skuter',to_timestamp('24/12/01 23:00:00,000000000','RR/MM/DD HH24:MI:SSXFF'),'first workout in decemberr',to_timestamp('25/01/16 16:58:42,641339000','RR/MM/DD HH24:MI:SSXFF'),'0');

